dept,year,jours_30
01,1950,31
01,1951,5
01,1952,30
01,1953,15
01,1954,15
01,1955,7
01,1956,5
01,1957,14
01,1958,12
01,1959,21
01,1960,4
01,1961,24
01,1962,21
01,1963,7
01,1964,19
01,1965,8
01,1966,9
01,1967,15
01,1968,9
01,1969,15
01,1970,12
01,1971,15
01,1972,5
01,1973,16
01,1974,9
01,1975,12
01,1976,27
01,1977,2
01,1978,5
01,1979,8
01,1980,6
01,1981,5
01,1982,10
01,1983,22
01,1984,11
01,1985,11
01,1986,17
01,1987,14
01,1988,10
01,1989,17
01,1990,20
01,1991,26
01,1992,18
01,1993,13
01,1994,30
01,1995,19
01,1996,9
01,1997,20
01,1998,18
01,1999,15
01,2000,18
01,2001,19
01,2002,14
01,2003,53
01,2004,18
01,2005,23
01,2006,27
01,2007,10
01,2008,12
01,2009,24
01,2010,21
01,2011,15
01,2012,17
01,2013,20
01,2014,11
01,2015,36
01,2016,27
01,2017,34
01,2018,39
01,2019,35
01,2020,36
01,2021,13
01,2022,45
01,2023,36
01,2024,26
02,1950,2
02,1951,0
02,1952,10
02,1953,9
02,1954,5
02,1955,8
02,1956,4
02,1957,11
02,1958,3
02,1959,15
02,1960,2
02,1961,10
02,1962,3
02,1963,4
02,1964,15
02,1965,2
02,1966,4
02,1967,7
02,1968,3
02,1969,8
02,1970,8
02,1971,4
02,1972,2
02,1973,13
02,1974,3
02,1975,11
02,1976,25
02,1977,2
02,1978,2
02,1979,3
02,1980,1
02,1981,5
02,1982,7
02,1983,13
02,1984,5
02,1985,1
02,1986,5
02,1987,3
02,1988,2
02,1989,7
02,1990,15
02,1991,6
02,1992,8
02,1993,2
02,1994,16
02,1995,20
02,1996,3
02,1997,11
02,1998,8
02,1999,8
02,2000,4
02,2001,11
02,2002,8
02,2003,17
02,2004,8
02,2005,12
02,2006,17
02,2007,3
02,2008,4
02,2009,8
02,2010,10
02,2011,6
02,2012,6
02,2013,9
02,2014,3
02,2015,13
02,2016,10
02,2017,12
02,2018,18
02,2019,13
02,2020,18
02,2021,3
02,2022,21
02,2023,15
02,2024,12
03,1950,25
03,1951,8
03,1952,30
03,1953,18
03,1954,8
03,1955,7
03,1956,4
03,1957,16
03,1958,14
03,1959,24
03,1960,8
03,1961,24
03,1962,22
03,1963,8
03,1964,30
03,1965,10
03,1966,12
03,1967,19
03,1968,7
03,1969,16
03,1970,12
03,1971,14
03,1972,7
03,1973,23
03,1974,11
03,1975,14
03,1976,29
03,1977,3
03,1978,6
03,1979,8
03,1980,6
03,1981,6
03,1982,14
03,1983,23
03,1984,12
03,1985,19
03,1986,15
03,1987,19
03,1988,11
03,1989,14
03,1990,19
03,1991,23
03,1992,16
03,1993,11
03,1994,21
03,1995,21
03,1996,9
03,1997,18
03,1998,16
03,1999,16
03,2000,19
03,2001,20
03,2002,14
03,2003,50
03,2004,15
03,2005,24
03,2006,31
03,2007,6
03,2008,10
03,2009,20
03,2010,14
03,2011,15
03,2012,17
03,2013,18
03,2014,11
03,2015,35
03,2016,26
03,2017,27
03,2018,35
03,2019,42
03,2020,33
03,2021,15
03,2022,37
03,2023,37
03,2024,19
04,1950,71
04,1951,15
04,1952,44
04,1953,20
04,1954,17
04,1955,11
04,1956,25
04,1957,17
04,1958,16
04,1959,23
04,1960,4
04,1961,15
04,1962,27
04,1963,8
04,1964,18
04,1965,17
04,1966,15
04,1967,31
04,1968,13
04,1969,20
04,1970,30
04,1971,28
04,1972,10
04,1973,34
04,1974,25
04,1975,25
04,1976,23
04,1977,6
04,1978,18
04,1979,24
04,1980,17
04,1981,22
04,1982,35
04,1983,28
04,1984,17
04,1985,31
04,1986,30
04,1987,28
04,1988,28
04,1989,35
04,1990,29
04,1991,43
04,1992,28
04,1993,25
04,1994,42
04,1995,26
04,1996,18
04,1997,29
04,1998,35
04,1999,28
04,2000,24
04,2001,38
04,2002,27
04,2003,53
04,2004,29
04,2005,31
04,2006,38
04,2007,27
04,2008,27
04,2009,45
04,2010,29
04,2011,30
04,2012,39
04,2013,25
04,2014,17
04,2015,40
04,2016,44
04,2017,50
04,2018,31
04,2019,44
04,2020,42
04,2021,23
04,2022,58
04,2023,40
04,2024,39
05,1950,11
05,1951,4
05,1952,9
05,1953,6
05,1954,2
05,1955,1
05,1956,3
05,1957,5
05,1958,7
05,1959,6
05,1960,1
05,1961,14
05,1962,14
05,1963,5
05,1964,7
05,1965,9
05,1966,5
05,1967,10
05,1968,7
05,1969,5
05,1970,10
05,1971,9
05,1972,4
05,1973,9
05,1974,9
05,1975,13
05,1976,4
05,1977,4
05,1978,6
05,1979,12
05,1980,7
05,1981,6
05,1982,9
05,1983,10
05,1984,9
05,1985,9
05,1986,11
05,1987,14
05,1988,17
05,1989,16
05,1990,16
05,1991,26
05,1992,19
05,1993,14
05,1994,26
05,1995,14
05,1996,10
05,1997,15
05,1998,21
05,1999,14
05,2000,20
05,2001,26
05,2002,20
05,2003,38
05,2004,18
05,2005,18
05,2006,26
05,2007,18
05,2008,20
05,2009,33
05,2010,19
05,2011,17
05,2012,23
05,2013,16
05,2014,9
05,2015,23
05,2016,23
05,2017,30
05,2018,23
05,2019,28
05,2020,26
05,2021,14
05,2022,35
05,2023,24
05,2024,20
06,1950,22
06,1951,5
06,1952,20
06,1953,5
06,1954,4
06,1955,4
06,1956,7
06,1957,8
06,1958,6
06,1959,17
06,1960,11
06,1961,21
06,1962,20
06,1963,14
06,1964,22
06,1965,15
06,1966,12
06,1967,17
06,1968,11
06,1969,16
06,1970,20
06,1971,24
06,1972,9
06,1973,28
06,1974,17
06,1975,22
06,1976,12
06,1977,7
06,1978,12
06,1979,16
06,1980,9
06,1981,12
06,1982,25
06,1983,19
06,1984,10
06,1985,22
06,1986,22
06,1987,19
06,1988,19
06,1989,21
06,1990,21
06,1991,27
06,1992,19
06,1993,16
06,1994,32
06,1995,16
06,1996,12
06,1997,19
06,1998,23
06,1999,21
06,2000,16
06,2001,27
06,2002,18
06,2003,48
06,2004,17
06,2005,17
06,2006,27
06,2007,20
06,2008,19
06,2009,22
06,2010,20
06,2011,16
06,2012,26
06,2013,19
06,2014,13
06,2015,30
06,2016,24
06,2017,24
06,2018,23
06,2019,26
06,2020,24
06,2021,19
06,2022,41
06,2023,33
06,2024,32
07,1950,35
07,1951,21
07,1952,33
07,1953,33
07,1954,21
07,1955,20
07,1956,11
07,1957,19
07,1958,22
07,1959,27
07,1960,11
07,1961,31
07,1962,32
07,1963,13
07,1964,21
07,1965,21
07,1966,18
07,1967,21
07,1968,11
07,1969,17
07,1970,23
07,1971,20
07,1972,13
07,1973,31
07,1974,24
07,1975,23
07,1976,34
07,1977,6
07,1978,17
07,1979,20
07,1980,16
07,1981,16
07,1982,22
07,1983,27
07,1984,18
07,1985,27
07,1986,27
07,1987,25
07,1988,23
07,1989,31
07,1990,30
07,1991,43
07,1992,28
07,1993,25
07,1994,43
07,1995,27
07,1996,16
07,1997,25
07,1998,30
07,1999,27
07,2000,24
07,2001,31
07,2002,24
07,2003,56
07,2004,26
07,2005,33
07,2006,35
07,2007,18
07,2008,21
07,2009,35
07,2010,30
07,2011,24
07,2012,29
07,2013,29
07,2014,17
07,2015,38
07,2016,38
07,2017,40
07,2018,40
07,2019,44
07,2020,40
07,2021,20
07,2022,51
07,2023,41
07,2024,32
08,1950,13
08,1951,13
08,1952,11
08,1953,8
08,1954,4
08,1955,6
08,1956,2
08,1957,13
08,1958,1
08,1959,16
08,1960,3
08,1961,9
08,1962,4
08,1963,2
08,1964,13
08,1965,2
08,1966,5
08,1967,9
08,1968,2
08,1969,8
08,1970,3
08,1971,5
08,1972,3
08,1973,11
08,1974,2
08,1975,10
08,1976,22
08,1977,2
08,1978,1
08,1979,2
08,1980,1
08,1981,2
08,1982,6
08,1983,13
08,1984,5
08,1985,1
08,1986,5
08,1987,2
08,1988,2
08,1989,5
08,1990,13
08,1991,5
08,1992,8
08,1993,2
08,1994,17
08,1995,18
08,1996,3
08,1997,10
08,1998,8
08,1999,8
08,2000,3
08,2001,10
08,2002,7
08,2003,20
08,2004,9
08,2005,13
08,2006,19
08,2007,3
08,2008,4
08,2009,7
08,2010,12
08,2011,6
08,2012,7
08,2013,13
08,2014,6
08,2015,20
08,2016,12
08,2017,14
08,2018,24
08,2019,17
08,2020,18
08,2021,4
08,2022,20
08,2023,14
08,2024,10
09,1950,27
09,1951,10
09,1952,21
09,1953,7
09,1954,3
09,1955,6
09,1956,3
09,1957,10
09,1958,13
09,1959,7
09,1960,5
09,1961,14
09,1962,14
09,1963,4
09,1964,13
09,1965,9
09,1966,8
09,1967,13
09,1968,7
09,1969,8
09,1970,10
09,1971,12
09,1972,2
09,1973,15
09,1974,11
09,1975,10
09,1976,16
09,1977,2
09,1978,3
09,1979,4
09,1980,6
09,1981,8
09,1982,13
09,1983,20
09,1984,12
09,1985,17
09,1986,24
09,1987,22
09,1988,16
09,1989,29
09,1990,27
09,1991,24
09,1992,20
09,1993,14
09,1994,28
09,1995,16
09,1996,13
09,1997,19
09,1998,19
09,1999,15
09,2000,15
09,2001,20
09,2002,11
09,2003,45
09,2004,22
09,2005,21
09,2006,31
09,2007,12
09,2008,15
09,2009,28
09,2010,16
09,2011,17
09,2012,26
09,2013,19
09,2014,10
09,2015,29
09,2016,27
09,2017,27
09,2018,24
09,2019,30
09,2020,28
09,2021,20
09,2022,52
09,2023,31
09,2024,24
10,1950,21
10,1951,7
10,1952,15
10,1953,13
10,1954,11
10,1955,10
10,1956,6
10,1957,14
10,1958,5
10,1959,34
10,1960,8
10,1961,21
10,1962,14
10,1963,4
10,1964,20
10,1965,4
10,1966,6
10,1967,15
10,1968,4
10,1969,11
10,1970,4
10,1971,7
10,1972,2
10,1973,20
10,1974,5
10,1975,11
10,1976,25
10,1977,2
10,1978,2
10,1979,4
10,1980,3
10,1981,6
10,1982,13
10,1983,22
10,1984,9
10,1985,7
10,1986,11
10,1987,9
10,1988,6
10,1989,13
10,1990,19
10,1991,13
10,1992,17
10,1993,4
10,1994,21
10,1995,22
10,1996,9
10,1997,15
10,1998,15
10,1999,16
10,2000,10
10,2001,16
10,2002,13
10,2003,33
10,2004,13
10,2005,21
10,2006,28
10,2007,6
10,2008,6
10,2009,16
10,2010,15
10,2011,11
10,2012,12
10,2013,17
10,2014,8
10,2015,29
10,2016,17
10,2017,19
10,2018,29
10,2019,27
10,2020,25
10,2021,10
10,2022,26
10,2023,25
10,2024,18
11,1950,59
11,1951,29
11,1952,49
11,1953,40
11,1954,19
11,1955,44
11,1956,20
11,1957,23
11,1958,22
11,1959,38
11,1960,23
11,1961,39
11,1962,43
11,1963,25
11,1964,36
11,1965,24
11,1966,14
11,1967,31
11,1968,14
11,1969,16
11,1970,13
11,1971,26
11,1972,11
11,1973,30
11,1974,16
11,1975,23
11,1976,32
11,1977,7
11,1978,17
11,1979,16
11,1980,14
11,1981,15
11,1982,20
11,1983,26
11,1984,16
11,1985,26
11,1986,23
11,1987,27
11,1988,26
11,1989,39
11,1990,30
11,1991,31
11,1992,21
11,1993,17
11,1994,36
11,1995,25
11,1996,21
11,1997,24
11,1998,24
11,1999,21
11,2000,17
11,2001,32
11,2002,20
11,2003,58
11,2004,23
11,2005,26
11,2006,35
11,2007,17
11,2008,24
11,2009,35
11,2010,29
11,2011,26
11,2012,32
11,2013,29
11,2014,20
11,2015,31
11,2016,34
11,2017,30
11,2018,40
11,2019,41
11,2020,36
11,2021,27
11,2022,56
11,2023,44
11,2024,36
12,1950,40
12,1951,8
12,1952,23
12,1953,13
12,1954,3
12,1955,12
12,1956,5
12,1957,14
12,1958,20
12,1959,18
12,1960,6
12,1961,17
12,1962,22
12,1963,8
12,1964,14
12,1965,18
12,1966,9
12,1967,15
12,1968,8
12,1969,17
12,1970,17
12,1971,13
12,1972,8
12,1973,23
12,1974,9
12,1975,13
12,1976,18
12,1977,8
12,1978,11
12,1979,9
12,1980,5
12,1981,8
12,1982,13
12,1983,23
12,1984,9
12,1985,19
12,1986,21
12,1987,23
12,1988,15
12,1989,20
12,1990,22
12,1991,23
12,1992,19
12,1993,12
12,1994,33
12,1995,18
12,1996,15
12,1997,13
12,1998,18
12,1999,14
12,2000,15
12,2001,19
12,2002,15
12,2003,50
12,2004,19
12,2005,25
12,2006,30
12,2007,10
12,2008,16
12,2009,28
12,2010,22
12,2011,20
12,2012,25
12,2013,20
12,2014,9
12,2015,29
12,2016,22
12,2017,24
12,2018,29
12,2019,33
12,2020,29
12,2021,11
12,2022,46
12,2023,28
12,2024,21
13,1950,42
13,1951,23
13,1952,40
13,1953,24
13,1954,18
13,1955,20
13,1956,13
13,1957,15
13,1958,12
13,1959,30
13,1960,13
13,1961,26
13,1962,39
13,1963,19
13,1964,27
13,1965,20
13,1966,18
13,1967,33
13,1968,12
13,1969,22
13,1970,28
13,1971,32
13,1972,16
13,1973,37
13,1974,30
13,1975,30
13,1976,32
13,1977,12
13,1978,18
13,1979,30
13,1980,20
13,1981,29
13,1982,39
13,1983,37
13,1984,22
13,1985,39
13,1986,32
13,1987,37
13,1988,32
13,1989,39
13,1990,30
13,1991,44
13,1992,31
13,1993,33
13,1994,54
13,1995,41
13,1996,30
13,1997,38
13,1998,51
13,1999,49
13,2000,37
13,2001,46
13,2002,36
13,2003,75
13,2004,48
13,2005,45
13,2006,55
13,2007,35
13,2008,44
13,2009,45
13,2010,41
13,2011,41
13,2012,59
13,2013,47
13,2014,32
13,2015,53
13,2016,58
13,2017,64
13,2018,60
13,2019,71
13,2020,61
13,2021,51
13,2022,84
13,2023,68
13,2024,60
14,1950,4
14,1951,1
14,1952,1
14,1953,2
14,1954,1
14,1955,3
14,1956,1
14,1957,4
14,1958,1
14,1959,4
14,1960,2
14,1961,4
14,1962,1
14,1963,2
14,1964,2
14,1965,0
14,1966,0
14,1967,1
14,1968,1
14,1969,3
14,1970,3
14,1971,2
14,1972,0
14,1973,2
14,1974,1
14,1975,5
14,1976,12
14,1977,0
14,1978,0
14,1979,1
14,1980,1
14,1981,1
14,1982,1
14,1983,4
14,1984,4
14,1985,1
14,1986,2
14,1987,1
14,1988,1
14,1989,2
14,1990,8
14,1991,2
14,1992,1
14,1993,1
14,1994,4
14,1995,10
14,1996,4
14,1997,3
14,1998,3
14,1999,4
14,2000,3
14,2001,6
14,2002,2
14,2003,11
14,2004,3
14,2005,6
14,2006,7
14,2007,1
14,2008,2
14,2009,5
14,2010,4
14,2011,2
14,2012,3
14,2013,4
14,2014,1
14,2015,4
14,2016,6
14,2017,7
14,2018,4
14,2019,8
14,2020,10
14,2021,3
14,2022,13
14,2023,7
14,2024,5
15,1950,1
15,1951,7
15,1952,16
15,1953,11
15,1954,3
15,1955,6
15,1956,4
15,1957,15
15,1958,9
15,1959,12
15,1960,6
15,1961,13
15,1962,15
15,1963,5
15,1964,12
15,1965,11
15,1966,5
15,1967,7
15,1968,4
15,1969,4
15,1970,6
15,1971,5
15,1972,3
15,1973,8
15,1974,5
15,1975,7
15,1976,8
15,1977,2
15,1978,7
15,1979,7
15,1980,4
15,1981,4
15,1982,8
15,1983,13
15,1984,6
15,1985,11
15,1986,9
15,1987,11
15,1988,6
15,1989,9
15,1990,13
15,1991,12
15,1992,10
15,1993,8
15,1994,16
15,1995,10
15,1996,10
15,1997,9
15,1998,12
15,1999,8
15,2000,9
15,2001,14
15,2002,11
15,2003,36
15,2004,12
15,2005,16
15,2006,17
15,2007,5
15,2008,12
15,2009,16
15,2010,12
15,2011,12
15,2012,15
15,2013,15
15,2014,7
15,2015,24
15,2016,18
15,2017,19
15,2018,23
15,2019,26
15,2020,22
15,2021,7
15,2022,31
15,2023,22
15,2024,11
16,1950,31
16,1951,7
16,1952,29
16,1953,20
16,1954,6
16,1955,17
16,1956,6
16,1957,14
16,1958,5
16,1959,28
16,1960,9
16,1961,25
16,1962,21
16,1963,9
16,1964,27
16,1965,8
16,1966,11
16,1967,20
16,1968,11
16,1969,19
16,1970,17
16,1971,14
16,1972,5
16,1973,22
16,1974,17
16,1975,18
16,1976,33
16,1977,2
16,1978,6
16,1979,8
16,1980,9
16,1981,10
16,1982,20
16,1983,23
16,1984,16
16,1985,21
16,1986,15
16,1987,24
16,1988,9
16,1989,20
16,1990,29
16,1991,27
16,1992,20
16,1993,14
16,1994,25
16,1995,31
16,1996,21
16,1997,22
16,1998,18
16,1999,17
16,2000,21
16,2001,27
16,2002,13
16,2003,49
16,2004,22
16,2005,33
16,2006,34
16,2007,7
16,2008,10
16,2009,22
16,2010,24
16,2011,19
16,2012,24
16,2013,23
16,2014,10
16,2015,26
16,2016,28
16,2017,28
16,2018,32
16,2019,31
16,2020,34
16,2021,16
16,2022,47
16,2023,37
16,2024,19
17,1950,16
17,1951,11
17,1952,19
17,1953,11
17,1954,4
17,1955,17
17,1956,5
17,1957,13
17,1958,8
17,1959,21
17,1960,9
17,1961,22
17,1962,13
17,1963,8
17,1964,20
17,1965,5
17,1966,7
17,1967,13
17,1968,7
17,1969,12
17,1970,11
17,1971,13
17,1972,3
17,1973,18
17,1974,10
17,1975,15
17,1976,29
17,1977,2
17,1978,6
17,1979,5
17,1980,5
17,1981,8
17,1982,14
17,1983,16
17,1984,11
17,1985,12
17,1986,10
17,1987,18
17,1988,6
17,1989,18
17,1990,23
17,1991,22
17,1992,15
17,1993,11
17,1994,20
17,1995,26
17,1996,19
17,1997,16
17,1998,13
17,1999,13
17,2000,16
17,2001,21
17,2002,7
17,2003,40
17,2004,18
17,2005,24
17,2006,24
17,2007,5
17,2008,6
17,2009,18
17,2010,14
17,2011,11
17,2012,16
17,2013,18
17,2014,8
17,2015,15
17,2016,18
17,2017,21
17,2018,25
17,2019,27
17,2020,22
17,2021,14
17,2022,38
17,2023,26
17,2024,11
18,1950,27
18,1951,7
18,1952,28
18,1953,18
18,1954,7
18,1955,15
18,1956,5
18,1957,13
18,1958,7
18,1959,22
18,1960,4
18,1961,18
18,1962,11
18,1963,5
18,1964,22
18,1965,3
18,1966,6
18,1967,15
18,1968,6
18,1969,14
18,1970,11
18,1971,8
18,1972,4
18,1973,21
18,1974,9
18,1975,12
18,1976,28
18,1977,2
18,1978,3
18,1979,3
18,1980,4
18,1981,5
18,1982,17
18,1983,21
18,1984,11
18,1985,11
18,1986,13
18,1987,15
18,1988,8
18,1989,14
18,1990,24
18,1991,23
18,1992,17
18,1993,8
18,1994,22
18,1995,23
18,1996,13
18,1997,17
18,1998,15
18,1999,16
18,2000,14
18,2001,20
18,2002,12
18,2003,40
18,2004,14
18,2005,27
18,2006,33
18,2007,5
18,2008,8
18,2009,20
18,2010,16
18,2011,13
18,2012,17
18,2013,21
18,2014,10
18,2015,30
18,2016,27
18,2017,28
18,2018,37
18,2019,39
18,2020,32
18,2021,17
18,2022,37
18,2023,38
18,2024,18
19,1950,24
19,1951,14
19,1952,35
19,1953,24
19,1954,11
19,1955,21
19,1956,7
19,1957,14
19,1958,16
19,1959,22
19,1960,9
19,1961,22
19,1962,20
19,1963,6
19,1964,17
19,1965,9
19,1966,6
19,1967,12
19,1968,7
19,1969,12
19,1970,12
19,1971,10
19,1972,5
19,1973,18
19,1974,7
19,1975,14
19,1976,22
19,1977,3
19,1978,9
19,1979,10
19,1980,6
19,1981,8
19,1982,14
19,1983,23
19,1984,13
19,1985,19
19,1986,14
19,1987,18
19,1988,9
19,1989,15
19,1990,22
19,1991,20
19,1992,15
19,1993,11
19,1994,20
19,1995,19
19,1996,13
19,1997,11
19,1998,14
19,1999,8
19,2000,10
19,2001,14
19,2002,9
19,2003,37
19,2004,11
19,2005,21
19,2006,22
19,2007,5
19,2008,9
19,2009,14
19,2010,11
19,2011,12
19,2012,19
19,2013,19
19,2014,6
19,2015,28
19,2016,24
19,2017,21
19,2018,26
19,2019,33
19,2020,26
19,2021,11
19,2022,39
19,2023,27
19,2024,17
21,1950,18
21,1951,5
21,1952,22
21,1953,13
21,1954,6
21,1955,3
21,1956,1
21,1957,10
21,1958,5
21,1959,17
21,1960,3
21,1961,20
21,1962,13
21,1963,6
21,1964,22
21,1965,4
21,1966,6
21,1967,15
21,1968,6
21,1969,14
21,1970,9
21,1971,16
21,1972,6
21,1973,23
21,1974,10
21,1975,11
21,1976,27
21,1977,4
21,1978,2
21,1979,5
21,1980,3
21,1981,4
21,1982,8
21,1983,23
21,1984,9
21,1985,7
21,1986,12
21,1987,11
21,1988,8
21,1989,10
21,1990,18
21,1991,18
21,1992,19
21,1993,9
21,1994,22
21,1995,16
21,1996,7
21,1997,13
21,1998,14
21,1999,10
21,2000,13
21,2001,17
21,2002,14
21,2003,44
21,2004,10
21,2005,22
21,2006,25
21,2007,5
21,2008,6
21,2009,13
21,2010,13
21,2011,8
21,2012,10
21,2013,14
21,2014,8
21,2015,29
21,2016,17
21,2017,20
21,2018,25
21,2019,28
21,2020,26
21,2021,8
21,2022,32
21,2023,29
21,2024,18
22,1950,0
22,1951,1
22,1952,2
22,1953,2
22,1954,1
22,1955,3
22,1956,3
22,1957,2
22,1958,0
22,1959,6
22,1960,2
22,1961,4
22,1962,2
22,1963,1
22,1964,2
22,1965,2
22,1966,0
22,1967,1
22,1968,2
22,1969,2
22,1970,2
22,1971,1
22,1972,0
22,1973,2
22,1974,0
22,1975,5
22,1976,10
22,1977,1
22,1978,0
22,1979,1
22,1980,1
22,1981,1
22,1982,2
22,1983,6
22,1984,2
22,1985,1
22,1986,2
22,1987,1
22,1988,1
22,1989,4
22,1990,7
22,1991,2
22,1992,2
22,1993,1
22,1994,2
22,1995,7
22,1996,4
22,1997,3
22,1998,2
22,1999,1
22,2000,2
22,2001,4
22,2002,1
22,2003,11
22,2004,2
22,2005,5
22,2006,5
22,2007,1
22,2008,2
22,2009,1
22,2010,3
22,2011,2
22,2012,1
22,2013,3
22,2014,1
22,2015,2
22,2016,4
22,2017,5
22,2018,4
22,2019,5
22,2020,5
22,2021,2
22,2022,9
22,2023,5
22,2024,3
23,1950,20
23,1951,5
23,1952,19
23,1953,7
23,1954,2
23,1955,4
23,1956,3
23,1957,11
23,1958,6
23,1959,7
23,1960,1
23,1961,7
23,1962,5
23,1963,2
23,1964,12
23,1965,4
23,1966,5
23,1967,9
23,1968,4
23,1969,7
23,1970,6
23,1971,5
23,1972,3
23,1973,16
23,1974,10
23,1975,12
23,1976,20
23,1977,1
23,1978,3
23,1979,3
23,1980,4
23,1981,5
23,1982,10
23,1983,19
23,1984,9
23,1985,10
23,1986,11
23,1987,17
23,1988,7
23,1989,9
23,1990,16
23,1991,16
23,1992,13
23,1993,4
23,1994,16
23,1995,14
23,1996,4
23,1997,7
23,1998,11
23,1999,6
23,2000,8
23,2001,11
23,2002,8
23,2003,30
23,2004,8
23,2005,20
23,2006,18
23,2007,4
23,2008,5
23,2009,12
23,2010,7
23,2011,9
23,2012,14
23,2013,12
23,2014,4
23,2015,26
23,2016,20
23,2017,18
23,2018,20
23,2019,26
23,2020,21
23,2021,6
23,2022,28
23,2023,26
23,2024,12
24,1950,40
24,1951,18
24,1952,37
24,1953,25
24,1954,11
24,1955,24
24,1956,9
24,1957,15
24,1958,25
24,1959,33
24,1960,11
24,1961,32
24,1962,22
24,1963,8
24,1964,29
24,1965,13
24,1966,11
24,1967,23
24,1968,10
24,1969,19
24,1970,20
24,1971,15
24,1972,8
24,1973,20
24,1974,15
24,1975,16
24,1976,32
24,1977,1
24,1978,9
24,1979,8
24,1980,9
24,1981,11
24,1982,18
24,1983,24
24,1984,16
24,1985,23
24,1986,21
24,1987,25
24,1988,13
24,1989,29
24,1990,32
24,1991,28
24,1992,21
24,1993,14
24,1994,26
24,1995,29
24,1996,22
24,1997,22
24,1998,24
24,1999,19
24,2000,25
24,2001,30
24,2002,16
24,2003,53
24,2004,28
24,2005,38
24,2006,37
24,2007,14
24,2008,15
24,2009,28
24,2010,25
24,2011,26
24,2012,26
24,2013,30
24,2014,12
24,2015,33
24,2016,31
24,2017,28
24,2018,38
24,2019,44
24,2020,41
24,2021,18
24,2022,55
24,2023,45
24,2024,26
25,1950,16
25,1951,5
25,1952,19
25,1953,8
25,1954,6
25,1955,2
25,1956,2
25,1957,7
25,1958,4
25,1959,9
25,1960,5
25,1961,10
25,1962,7
25,1963,9
25,1964,13
25,1965,3
25,1966,2
25,1967,8
25,1968,3
25,1969,7
25,1970,5
25,1971,8
25,1972,8
25,1973,13
25,1974,5
25,1975,7
25,1976,14
25,1977,4
25,1978,4
25,1979,6
25,1980,3
25,1981,4
25,1982,5
25,1983,17
25,1984,7
25,1985,4
25,1986,8
25,1987,7
25,1988,4
25,1989,8
25,1990,11
25,1991,9
25,1992,15
25,1993,6
25,1994,17
25,1995,10
25,1996,6
25,1997,13
25,1998,10
25,1999,7
25,2000,8
25,2001,10
25,2002,7
25,2003,34
25,2004,9
25,2005,12
25,2006,16
25,2007,5
25,2008,8
25,2009,12
25,2010,11
25,2011,8
25,2012,9
25,2013,12
25,2014,6
25,2015,22
25,2016,12
25,2017,19
25,2018,23
25,2019,22
25,2020,18
25,2021,6
25,2022,24
25,2023,19
25,2024,12
26,1950,40
26,1951,26
26,1952,45
26,1953,37
26,1954,22
26,1955,23
26,1956,12
26,1957,24
26,1958,27
26,1959,35
26,1960,15
26,1961,42
26,1962,37
26,1963,19
26,1964,24
26,1965,26
26,1966,20
26,1967,28
26,1968,13
26,1969,17
26,1970,23
26,1971,22
26,1972,11
26,1973,29
26,1974,20
26,1975,22
26,1976,32
26,1977,5
26,1978,16
26,1979,19
26,1980,15
26,1981,16
26,1982,28
26,1983,33
26,1984,18
26,1985,29
26,1986,31
26,1987,26
26,1988,23
26,1989,33
26,1990,35
26,1991,39
26,1992,30
26,1993,26
26,1994,43
26,1995,29
26,1996,15
26,1997,25
26,1998,33
26,1999,29
26,2000,26
26,2001,37
26,2002,25
26,2003,68
26,2004,34
26,2005,35
26,2006,42
26,2007,26
26,2008,25
26,2009,49
26,2010,34
26,2011,31
26,2012,39
26,2013,32
26,2014,20
26,2015,46
26,2016,43
26,2017,50
26,2018,46
26,2019,52
26,2020,51
26,2021,24
26,2022,64
26,2023,48
26,2024,40
27,1950,0
27,1951,2
27,1952,9
27,1953,5
27,1954,3
27,1955,9
27,1956,1
27,1957,11
27,1958,0
27,1959,14
27,1960,5
27,1961,11
27,1962,2
27,1963,3
27,1964,13
27,1965,3
27,1966,4
27,1967,4
27,1968,1
27,1969,5
27,1970,1
27,1971,2
27,1972,2
27,1973,10
27,1974,2
27,1975,8
27,1976,25
27,1977,3
27,1978,1
27,1979,1
27,1980,1
27,1981,3
27,1982,7
27,1983,13
27,1984,6
27,1985,2
27,1986,7
27,1987,4
27,1988,3
27,1989,12
27,1990,19
27,1991,9
27,1992,7
27,1993,3
27,1994,12
27,1995,21
27,1996,7
27,1997,12
27,1998,9
27,1999,12
27,2000,5
27,2001,14
27,2002,6
27,2003,23
27,2004,10
27,2005,13
27,2006,19
27,2007,2
27,2008,6
27,2009,11
27,2010,14
27,2011,7
27,2012,8
27,2013,11
27,2014,3
27,2015,14
27,2016,13
27,2017,14
27,2018,19
27,2019,16
27,2020,17
27,2021,5
27,2022,20
27,2023,19
27,2024,10
28,1950,12
28,1951,3
28,1952,10
28,1953,10
28,1954,4
28,1955,11
28,1956,3
28,1957,11
28,1958,4
28,1959,20
28,1960,5
28,1961,16
28,1962,3
28,1963,4
28,1964,16
28,1965,1
28,1966,3
28,1967,8
28,1968,2
28,1969,8
28,1970,2
28,1971,5
28,1972,2
28,1973,15
28,1974,4
28,1975,10
28,1976,25
28,1977,1
28,1978,1
28,1979,2
28,1980,1
28,1981,4
28,1982,8
28,1983,11
28,1984,5
28,1985,3
28,1986,8
28,1987,6
28,1988,3
28,1989,10
28,1990,19
28,1991,10
28,1992,12
28,1993,2
28,1994,14
28,1995,20
28,1996,6
28,1997,14
28,1998,9
28,1999,14
28,2000,6
28,2001,15
28,2002,8
28,2003,23
28,2004,11
28,2005,17
28,2006,22
28,2007,2
28,2008,6
28,2009,14
28,2010,11
28,2011,7
28,2012,9
28,2013,13
28,2014,5
28,2015,22
28,2016,13
28,2017,13
28,2018,21
28,2019,19
28,2020,19
28,2021,7
28,2022,21
28,2023,22
28,2024,11
29,1950,0
29,1951,0
29,1952,0
29,1953,0
29,1954,1
29,1955,3
29,1956,0
29,1957,1
29,1958,0
29,1959,1
29,1960,1
29,1961,1
29,1962,0
29,1963,0
29,1964,0
29,1965,0
29,1966,0
29,1967,0
29,1968,0
29,1969,0
29,1970,0
29,1971,2
29,1972,0
29,1973,2
29,1974,0
29,1975,1
29,1976,5
29,1977,0
29,1978,0
29,1979,0
29,1980,1
29,1981,0
29,1982,1
29,1983,5
29,1984,2
29,1985,1
29,1986,1
29,1987,1
29,1988,1
29,1989,4
29,1990,8
29,1991,1
29,1992,1
29,1993,1
29,1994,1
29,1995,6
29,1996,3
29,1997,2
29,1998,2
29,1999,2
29,2000,2
29,2001,2
29,2002,1
29,2003,10
29,2004,1
29,2005,4
29,2006,5
29,2007,0
29,2008,1
29,2009,1
29,2010,3
29,2011,1
29,2012,2
29,2013,3
29,2014,2
29,2015,1
29,2016,4
29,2017,4
29,2018,4
29,2019,3
29,2020,3
29,2021,4
29,2022,8
29,2023,2
29,2024,1
30,1950,69
30,1951,27
30,1952,68
30,1953,57
30,1954,30
30,1955,45
30,1956,26
30,1957,34
30,1958,28
30,1959,40
30,1960,15
30,1961,42
30,1962,50
30,1963,18
30,1964,32
30,1965,27
30,1966,27
30,1967,41
30,1968,14
30,1969,22
30,1970,34
30,1971,34
30,1972,17
30,1973,45
30,1974,33
30,1975,33
30,1976,47
30,1977,10
30,1978,29
30,1979,34
30,1980,25
30,1981,30
30,1982,39
30,1983,39
30,1984,29
30,1985,46
30,1986,42
30,1987,36
30,1988,36
30,1989,53
30,1990,46
30,1991,54
30,1992,35
30,1993,34
30,1994,59
30,1995,45
30,1996,31
30,1997,40
30,1998,48
30,1999,40
30,2000,36
30,2001,49
30,2002,37
30,2003,75
30,2004,46
30,2005,54
30,2006,54
30,2007,33
30,2008,37
30,2009,60
30,2010,49
30,2011,50
30,2012,53
30,2013,45
30,2014,33
30,2015,55
30,2016,61
30,2017,62
30,2018,63
30,2019,68
30,2020,62
30,2021,41
30,2022,79
30,2023,65
30,2024,52
31,1950,32
31,1951,9
31,1952,22
31,1953,20
31,1954,6
31,1955,16
31,1956,7
31,1957,11
31,1958,14
31,1959,19
31,1960,7
31,1961,20
31,1962,25
31,1963,6
31,1964,26
31,1965,12
31,1966,11
31,1967,22
31,1968,10
31,1969,13
31,1970,18
31,1971,16
31,1972,9
31,1973,24
31,1974,10
31,1975,17
31,1976,25
31,1977,2
31,1978,9
31,1979,10
31,1980,11
31,1981,13
31,1982,16
31,1983,24
31,1984,16
31,1985,23
31,1986,28
31,1987,28
31,1988,18
31,1989,33
31,1990,31
31,1991,33
31,1992,26
31,1993,21
31,1994,33
31,1995,23
31,1996,21
31,1997,25
31,1998,21
31,1999,20
31,2000,24
31,2001,24
31,2002,15
31,2003,53
31,2004,28
31,2005,28
31,2006,34
31,2007,15
31,2008,20
31,2009,33
31,2010,23
31,2011,26
31,2012,33
31,2013,28
31,2014,14
31,2015,35
31,2016,30
31,2017,29
31,2018,34
31,2019,39
31,2020,34
31,2021,22
31,2022,60
31,2023,47
31,2024,31
32,1950,0
32,1951,0
32,1952,0
32,1953,0
32,1954,0
32,1955,26
32,1956,9
32,1957,14
32,1958,19
32,1959,29
32,1960,22
32,1961,34
32,1962,34
32,1963,6
32,1964,36
32,1965,10
32,1966,13
32,1967,28
32,1968,12
32,1969,17
32,1970,25
32,1971,23
32,1972,10
32,1973,24
32,1974,14
32,1975,17
32,1976,38
32,1977,4
32,1978,12
32,1979,12
32,1980,11
32,1981,19
32,1982,22
32,1983,26
32,1984,20
32,1985,29
32,1986,30
32,1987,29
32,1988,16
32,1989,32
32,1990,36
32,1991,36
32,1992,27
32,1993,19
32,1994,34
32,1995,28
32,1996,24
32,1997,23
32,1998,22
32,1999,21
32,2000,31
32,2001,30
32,2002,17
32,2003,60
32,2004,35
32,2005,33
32,2006,41
32,2007,16
32,2008,20
32,2009,36
32,2010,26
32,2011,31
32,2012,36
32,2013,38
32,2014,18
32,2015,38
32,2016,37
32,2017,38
32,2018,42
32,2019,40
32,2020,40
32,2021,23
32,2022,60
32,2023,46
32,2024,28
33,1950,22
33,1951,10
33,1952,20
33,1953,16
33,1954,7
33,1955,18
33,1956,7
33,1957,15
33,1958,16
33,1959,22
33,1960,11
33,1961,28
33,1962,19
33,1963,8
33,1964,30
33,1965,11
33,1966,14
33,1967,21
33,1968,11
33,1969,16
33,1970,17
33,1971,17
33,1972,7
33,1973,20
33,1974,15
33,1975,16
33,1976,27
33,1977,1
33,1978,9
33,1979,8
33,1980,7
33,1981,15
33,1982,17
33,1983,19
33,1984,14
33,1985,17
33,1986,16
33,1987,22
33,1988,11
33,1989,26
33,1990,29
33,1991,26
33,1992,20
33,1993,14
33,1994,25
33,1995,30
33,1996,23
33,1997,23
33,1998,20
33,1999,20
33,2000,24
33,2001,27
33,2002,17
33,2003,49
33,2004,27
33,2005,35
33,2006,37
33,2007,13
33,2008,12
33,2009,27
33,2010,25
33,2011,24
33,2012,28
33,2013,31
33,2014,14
33,2015,31
33,2016,30
33,2017,32
33,2018,38
33,2019,39
33,2020,35
33,2021,18
33,2022,54
33,2023,40
33,2024,20
34,1950,47
34,1951,22
34,1952,43
34,1953,27
34,1954,22
34,1955,30
34,1956,22
34,1957,22
34,1958,22
34,1959,33
34,1960,20
34,1961,29
34,1962,40
34,1963,15
34,1964,26
34,1965,20
34,1966,20
34,1967,33
34,1968,13
34,1969,21
34,1970,34
34,1971,30
34,1972,15
34,1973,38
34,1974,24
34,1975,27
34,1976,34
34,1977,10
34,1978,22
34,1979,27
34,1980,20
34,1981,25
34,1982,30
34,1983,33
34,1984,22
34,1985,39
34,1986,34
34,1987,35
34,1988,31
34,1989,43
34,1990,37
34,1991,45
34,1992,29
34,1993,28
34,1994,48
34,1995,38
34,1996,29
34,1997,34
34,1998,37
34,1999,31
34,2000,28
34,2001,39
34,2002,30
34,2003,66
34,2004,33
34,2005,44
34,2006,49
34,2007,27
34,2008,34
34,2009,50
34,2010,41
34,2011,40
34,2012,43
34,2013,40
34,2014,31
34,2015,46
34,2016,49
34,2017,46
34,2018,59
34,2019,60
34,2020,52
34,2021,31
34,2022,67
34,2023,52
34,2024,41
35,1950,2
35,1951,0
35,1952,2
35,1953,2
35,1954,0
35,1955,4
35,1956,2
35,1957,3
35,1958,0
35,1959,6
35,1960,2
35,1961,5
35,1962,1
35,1963,1
35,1964,3
35,1965,0
35,1966,5
35,1967,3
35,1968,3
35,1969,6
35,1970,2
35,1971,5
35,1972,1
35,1973,5
35,1974,1
35,1975,6
35,1976,20
35,1977,2
35,1978,1
35,1979,1
35,1980,1
35,1981,3
35,1982,3
35,1983,8
35,1984,4
35,1985,1
35,1986,3
35,1987,4
35,1988,1
35,1989,12
35,1990,13
35,1991,5
35,1992,4
35,1993,2
35,1994,5
35,1995,15
35,1996,6
35,1997,6
35,1998,4
35,1999,6
35,2000,5
35,2001,9
35,2002,1
35,2003,18
35,2004,6
35,2005,10
35,2006,12
35,2007,1
35,2008,1
35,2009,4
35,2010,5
35,2011,2
35,2012,3
35,2013,8
35,2014,2
35,2015,6
35,2016,9
35,2017,11
35,2018,12
35,2019,13
35,2020,9
35,2021,7
35,2022,21
35,2023,14
35,2024,6
36,1950,20
36,1951,6
36,1952,28
36,1953,18
36,1954,8
36,1955,20
36,1956,5
36,1957,15
36,1958,10
36,1959,31
36,1960,9
36,1961,22
36,1962,17
36,1963,7
36,1964,27
36,1965,6
36,1966,10
36,1967,19
36,1968,6
36,1969,17
36,1970,9
36,1971,7
36,1972,4
36,1973,22
36,1974,9
36,1975,14
36,1976,33
36,1977,2
36,1978,4
36,1979,4
36,1980,7
36,1981,7
36,1982,19
36,1983,24
36,1984,12
36,1985,14
36,1986,13
36,1987,16
36,1988,11
36,1989,17
36,1990,26
36,1991,27
36,1992,17
36,1993,8
36,1994,21
36,1995,23
36,1996,12
36,1997,15
36,1998,14
36,1999,17
36,2000,13
36,2001,22
36,2002,11
36,2003,41
36,2004,15
36,2005,27
36,2006,33
36,2007,6
36,2008,9
36,2009,21
36,2010,17
36,2011,13
36,2012,17
36,2013,20
36,2014,8
36,2015,31
36,2016,27
36,2017,27
36,2018,36
36,2019,39
36,2020,33
36,2021,16
36,2022,42
36,2023,40
36,2024,17
37,1950,11
37,1951,2
37,1952,18
37,1953,8
37,1954,4
37,1955,8
37,1956,4
37,1957,13
37,1958,7
37,1959,24
37,1960,6
37,1961,15
37,1962,9
37,1963,5
37,1964,23
37,1965,5
37,1966,4
37,1967,7
37,1968,2
37,1969,12
37,1970,6
37,1971,6
37,1972,3
37,1973,18
37,1974,10
37,1975,13
37,1976,33
37,1977,2
37,1978,2
37,1979,2
37,1980,4
37,1981,6
37,1982,13
37,1983,16
37,1984,9
37,1985,6
37,1986,11
37,1987,14
37,1988,5
37,1989,16
37,1990,24
37,1991,22
37,1992,15
37,1993,4
37,1994,19
37,1995,23
37,1996,10
37,1997,14
37,1998,12
37,1999,15
37,2000,9
37,2001,18
37,2002,8
37,2003,29
37,2004,13
37,2005,24
37,2006,28
37,2007,3
37,2008,7
37,2009,15
37,2010,15
37,2011,8
37,2012,12
37,2013,13
37,2014,5
37,2015,26
37,2016,23
37,2017,23
37,2018,29
37,2019,32
37,2020,24
37,2021,14
37,2022,39
37,2023,31
37,2024,14
38,1950,27
38,1951,6
38,1952,28
38,1953,17
38,1954,16
38,1955,14
38,1956,11
38,1957,14
38,1958,7
38,1959,11
38,1960,4
38,1961,16
38,1962,19
38,1963,7
38,1964,14
38,1965,11
38,1966,10
38,1967,14
38,1968,7
38,1969,11
38,1970,12
38,1971,12
38,1972,6
38,1973,13
38,1974,10
38,1975,11
38,1976,19
38,1977,2
38,1978,4
38,1979,8
38,1980,5
38,1981,4
38,1982,10
38,1983,19
38,1984,11
38,1985,12
38,1986,18
38,1987,14
38,1988,12
38,1989,16
38,1990,18
38,1991,17
38,1992,17
38,1993,10
38,1994,24
38,1995,14
38,1996,8
38,1997,14
38,1998,17
38,1999,14
38,2000,15
38,2001,19
38,2002,12
38,2003,40
38,2004,19
38,2005,19
38,2006,22
38,2007,12
38,2008,13
38,2009,25
38,2010,16
38,2011,14
38,2012,19
38,2013,17
38,2014,9
38,2015,24
38,2016,21
38,2017,25
38,2018,26
38,2019,24
38,2020,26
38,2021,12
38,2022,34
38,2023,29
38,2024,21
39,1950,34
39,1951,6
39,1952,31
39,1953,23
39,1954,11
39,1955,6
39,1956,4
39,1957,7
39,1958,12
39,1959,16
39,1960,9
39,1961,16
39,1962,14
39,1963,9
39,1964,20
39,1965,6
39,1966,5
39,1967,13
39,1968,7
39,1969,12
39,1970,12
39,1971,15
39,1972,5
39,1973,10
39,1974,7
39,1975,10
39,1976,21
39,1977,5
39,1978,3
39,1979,4
39,1980,3
39,1981,4
39,1982,8
39,1983,19
39,1984,7
39,1985,6
39,1986,12
39,1987,9
39,1988,6
39,1989,10
39,1990,12
39,1991,12
39,1992,14
39,1993,6
39,1994,19
39,1995,12
39,1996,5
39,1997,11
39,1998,11
39,1999,9
39,2000,10
39,2001,13
39,2002,9
39,2003,41
39,2004,9
39,2005,17
39,2006,20
39,2007,5
39,2008,8
39,2009,16
39,2010,15
39,2011,10
39,2012,11
39,2013,14
39,2014,7
39,2015,29
39,2016,19
39,2017,26
39,2018,31
39,2019,28
39,2020,28
39,2021,10
39,2022,34
39,2023,29
39,2024,18
40,1950,23
40,1951,14
40,1952,19
40,1953,15
40,1954,5
40,1955,21
40,1956,10
40,1957,14
40,1958,19
40,1959,16
40,1960,9
40,1961,29
40,1962,26
40,1963,9
40,1964,35
40,1965,11
40,1966,16
40,1967,22
40,1968,17
40,1969,20
40,1970,22
40,1971,18
40,1972,7
40,1973,20
40,1974,15
40,1975,16
40,1976,26
40,1977,1
40,1978,10
40,1979,10
40,1980,11
40,1981,18
40,1982,23
40,1983,21
40,1984,20
40,1985,25
40,1986,23
40,1987,26
40,1988,14
40,1989,31
40,1990,30
40,1991,29
40,1992,23
40,1993,14
40,1994,23
40,1995,23
40,1996,21
40,1997,24
40,1998,21
40,1999,23
40,2000,28
40,2001,30
40,2002,19
40,2003,54
40,2004,35
40,2005,37
40,2006,42
40,2007,19
40,2008,19
40,2009,35
40,2010,29
40,2011,34
40,2012,37
40,2013,35
40,2014,22
40,2015,35
40,2016,36
40,2017,36
40,2018,40
40,2019,37
40,2020,38
40,2021,20
40,2022,55
40,2023,41
40,2024,23
41,1950,0
41,1951,4
41,1952,22
41,1953,16
41,1954,7
41,1955,15
41,1956,4
41,1957,16
41,1958,4
41,1959,30
41,1960,7
41,1961,23
41,1962,11
41,1963,5
41,1964,22
41,1965,3
41,1966,6
41,1967,15
41,1968,3
41,1969,16
41,1970,9
41,1971,8
41,1972,5
41,1973,24
41,1974,9
41,1975,13
41,1976,31
41,1977,2
41,1978,2
41,1979,1
41,1980,3
41,1981,6
41,1982,12
41,1983,16
41,1984,10
41,1985,5
41,1986,12
41,1987,13
41,1988,5
41,1989,16
41,1990,23
41,1991,19
41,1992,18
41,1993,5
41,1994,19
41,1995,23
41,1996,10
41,1997,17
41,1998,12
41,1999,15
41,2000,10
41,2001,19
41,2002,10
41,2003,34
41,2004,17
41,2005,26
41,2006,31
41,2007,4
41,2008,7
41,2009,17
41,2010,16
41,2011,11
41,2012,11
41,2013,18
41,2014,7
41,2015,28
41,2016,23
41,2017,23
41,2018,30
41,2019,29
41,2020,26
41,2021,9
41,2022,33
41,2023,30
41,2024,13
42,1950,33
42,1951,13
42,1952,32
42,1953,22
42,1954,15
42,1955,12
42,1956,7
42,1957,19
42,1958,19
42,1959,24
42,1960,8
42,1961,28
42,1962,28
42,1963,8
42,1964,25
42,1965,12
42,1966,13
42,1967,17
42,1968,11
42,1969,11
42,1970,12
42,1971,14
42,1972,7
42,1973,23
42,1974,11
42,1975,14
42,1976,24
42,1977,3
42,1978,6
42,1979,9
42,1980,7
42,1981,6
42,1982,13
42,1983,25
42,1984,12
42,1985,18
42,1986,16
42,1987,20
42,1988,12
42,1989,13
42,1990,18
42,1991,21
42,1992,18
42,1993,13
42,1994,25
42,1995,17
42,1996,7
42,1997,16
42,1998,17
42,1999,13
42,2000,18
42,2001,19
42,2002,15
42,2003,47
42,2004,18
42,2005,24
42,2006,27
42,2007,8
42,2008,11
42,2009,25
42,2010,17
42,2011,16
42,2012,17
42,2013,19
42,2014,10
42,2015,33
42,2016,21
42,2017,30
42,2018,29
42,2019,31
42,2020,28
42,2021,9
42,2022,36
42,2023,32
42,2024,19
43,1950,16
43,1951,5
43,1952,17
43,1953,15
43,1954,2
43,1955,2
43,1956,2
43,1957,6
43,1958,5
43,1959,4
43,1960,3
43,1961,7
43,1962,14
43,1963,1
43,1964,5
43,1965,7
43,1966,5
43,1967,5
43,1968,4
43,1969,1
43,1970,7
43,1971,5
43,1972,3
43,1973,8
43,1974,6
43,1975,8
43,1976,9
43,1977,3
43,1978,5
43,1979,6
43,1980,6
43,1981,5
43,1982,10
43,1983,16
43,1984,7
43,1985,11
43,1986,12
43,1987,16
43,1988,11
43,1989,6
43,1990,12
43,1991,13
43,1992,14
43,1993,9
43,1994,20
43,1995,7
43,1996,5
43,1997,9
43,1998,12
43,1999,6
43,2000,10
43,2001,11
43,2002,11
43,2003,33
43,2004,10
43,2005,16
43,2006,17
43,2007,4
43,2008,10
43,2009,18
43,2010,10
43,2011,11
43,2012,12
43,2013,14
43,2014,6
43,2015,25
43,2016,15
43,2017,21
43,2018,19
43,2019,21
43,2020,20
43,2021,9
43,2022,32
43,2023,28
43,2024,15
44,1950,9
44,1951,2
44,1952,6
44,1953,4
44,1954,1
44,1955,9
44,1956,3
44,1957,8
44,1958,2
44,1959,10
44,1960,3
44,1961,8
44,1962,4
44,1963,2
44,1964,8
44,1965,1
44,1966,2
44,1967,5
44,1968,3
44,1969,8
44,1970,4
44,1971,7
44,1972,1
44,1973,11
44,1974,4
44,1975,10
44,1976,22
44,1977,2
44,1978,1
44,1979,1
44,1980,2
44,1981,6
44,1982,8
44,1983,12
44,1984,7
44,1985,4
44,1986,4
44,1987,10
44,1988,3
44,1989,17
44,1990,21
44,1991,16
44,1992,10
44,1993,5
44,1994,13
44,1995,24
44,1996,10
44,1997,12
44,1998,7
44,1999,11
44,2000,9
44,2001,14
44,2002,5
44,2003,28
44,2004,12
44,2005,18
44,2006,18
44,2007,1
44,2008,2
44,2009,8
44,2010,9
44,2011,5
44,2012,10
44,2013,13
44,2014,4
44,2015,9
44,2016,15
44,2017,17
44,2018,18
44,2019,18
44,2020,14
44,2021,10
44,2022,33
44,2023,20
44,2024,7
45,1950,14
45,1951,2
45,1952,18
45,1953,12
45,1954,6
45,1955,15
45,1956,4
45,1957,9
45,1958,1
45,1959,21
45,1960,4
45,1961,17
45,1962,4
45,1963,1
45,1964,18
45,1965,1
45,1966,2
45,1967,10
45,1968,2
45,1969,9
45,1970,5
45,1971,7
45,1972,3
45,1973,20
45,1974,8
45,1975,11
45,1976,29
45,1977,2
45,1978,2
45,1979,2
45,1980,2
45,1981,4
45,1982,13
45,1983,17
45,1984,9
45,1985,6
45,1986,11
45,1987,9
45,1988,6
45,1989,15
45,1990,21
45,1991,14
45,1992,18
45,1993,6
45,1994,23
45,1995,24
45,1996,12
45,1997,19
45,1998,14
45,1999,17
45,2000,11
45,2001,19
45,2002,12
45,2003,34
45,2004,14
45,2005,26
45,2006,34
45,2007,4
45,2008,7
45,2009,20
45,2010,16
45,2011,10
45,2012,12
45,2013,20
45,2014,7
45,2015,29
45,2016,22
45,2017,23
45,2018,33
45,2019,32
45,2020,25
45,2021,13
45,2022,34
45,2023,30
45,2024,15
46,1950,31
46,1951,11
46,1952,30
46,1953,20
46,1954,6
46,1955,17
46,1956,7
46,1957,14
46,1958,13
46,1959,20
46,1960,13
46,1961,31
46,1962,24
46,1963,10
46,1964,25
46,1965,13
46,1966,12
46,1967,22
46,1968,9
46,1969,20
46,1970,19
46,1971,17
46,1972,11
46,1973,27
46,1974,13
46,1975,20
46,1976,31
46,1977,4
46,1978,16
46,1979,14
46,1980,10
46,1981,15
46,1982,20
46,1983,30
46,1984,18
46,1985,31
46,1986,28
46,1987,26
46,1988,16
46,1989,30
46,1990,34
46,1991,34
46,1992,27
46,1993,21
46,1994,34
46,1995,31
46,1996,27
46,1997,30
46,1998,29
46,1999,26
46,2000,33
46,2001,30
46,2002,23
46,2003,63
46,2004,32
46,2005,37
46,2006,41
46,2007,17
46,2008,24
46,2009,38
46,2010,29
46,2011,33
46,2012,38
46,2013,35
46,2014,17
46,2015,41
46,2016,36
46,2017,32
46,2018,44
46,2019,46
46,2020,38
46,2021,16
46,2022,61
46,2023,48
46,2024,33
47,1950,37
47,1951,11
47,1952,30
47,1953,26
47,1954,11
47,1955,26
47,1956,12
47,1957,19
47,1958,23
47,1959,21
47,1960,12
47,1961,35
47,1962,29
47,1963,10
47,1964,36
47,1965,14
47,1966,13
47,1967,26
47,1968,13
47,1969,20
47,1970,23
47,1971,20
47,1972,13
47,1973,22
47,1974,17
47,1975,19
47,1976,37
47,1977,3
47,1978,14
47,1979,11
47,1980,12
47,1981,17
47,1982,23
47,1983,26
47,1984,20
47,1985,29
47,1986,26
47,1987,27
47,1988,16
47,1989,42
47,1990,39
47,1991,38
47,1992,30
47,1993,19
47,1994,34
47,1995,34
47,1996,27
47,1997,27
47,1998,26
47,1999,24
47,2000,36
47,2001,34
47,2002,21
47,2003,57
47,2004,34
47,2005,42
47,2006,39
47,2007,18
47,2008,21
47,2009,36
47,2010,30
47,2011,37
47,2012,37
47,2013,40
47,2014,20
47,2015,43
47,2016,37
47,2017,37
47,2018,49
47,2019,49
47,2020,41
47,2021,20
47,2022,61
47,2023,49
47,2024,28
48,1950,0
48,1951,29
48,1952,25
48,1953,21
48,1954,8
48,1955,11
48,1956,13
48,1957,15
48,1958,9
48,1959,17
48,1960,1
48,1961,8
48,1962,13
48,1963,4
48,1964,8
48,1965,30
48,1966,26
48,1967,23
48,1968,12
48,1969,19
48,1970,34
48,1971,18
48,1972,17
48,1973,18
48,1974,9
48,1975,14
48,1976,19
48,1977,10
48,1978,6
48,1979,10
48,1980,8
48,1981,8
48,1982,9
48,1983,11
48,1984,4
48,1985,8
48,1986,9
48,1987,12
48,1988,8
48,1989,8
48,1990,10
48,1991,13
48,1992,8
48,1993,7
48,1994,17
48,1995,7
48,1996,6
48,1997,7
48,1998,10
48,1999,7
48,2000,6
48,2001,11
48,2002,10
48,2003,32
48,2004,10
48,2005,13
48,2006,16
48,2007,4
48,2008,8
48,2009,16
48,2010,11
48,2011,10
48,2012,13
48,2013,12
48,2014,8
48,2015,23
48,2016,18
48,2017,22
48,2018,19
48,2019,24
48,2020,21
48,2021,10
48,2022,34
48,2023,19
48,2024,14
49,1950,8
49,1951,3
49,1952,14
49,1953,10
49,1954,3
49,1955,13
49,1956,3
49,1957,13
49,1958,2
49,1959,16
49,1960,4
49,1961,13
49,1962,5
49,1963,4
49,1964,12
49,1965,1
49,1966,2
49,1967,7
49,1968,4
49,1969,11
49,1970,6
49,1971,6
49,1972,1
49,1973,14
49,1974,8
49,1975,12
49,1976,30
49,1977,3
49,1978,1
49,1979,1
49,1980,3
49,1981,5
49,1982,9
49,1983,12
49,1984,9
49,1985,4
49,1986,7
49,1987,13
49,1988,3
49,1989,17
49,1990,24
49,1991,20
49,1992,14
49,1993,4
49,1994,16
49,1995,26
49,1996,12
49,1997,15
49,1998,9
49,1999,12
49,2000,9
49,2001,17
49,2002,8
49,2003,31
49,2004,17
49,2005,22
49,2006,27
49,2007,1
49,2008,6
49,2009,15
49,2010,15
49,2011,8
49,2012,10
49,2013,14
49,2014,4
49,2015,18
49,2016,19
49,2017,20
49,2018,22
49,2019,26
49,2020,19
49,2021,12
49,2022,35
49,2023,26
49,2024,10
50,1950,1
50,1951,3
50,1952,2
50,1953,2
50,1954,0
50,1955,6
50,1956,3
50,1957,4
50,1958,0
50,1959,8
50,1960,2
50,1961,3
50,1962,1
50,1963,4
50,1964,4
50,1965,3
50,1966,0
50,1967,5
50,1968,2
50,1969,2
50,1970,1
50,1971,3
50,1972,0
50,1973,3
50,1974,0
50,1975,4
50,1976,11
50,1977,1
50,1978,0
50,1979,0
50,1980,2
50,1981,1
50,1982,2
50,1983,5
50,1984,4
50,1985,2
50,1986,2
50,1987,1
50,1988,1
50,1989,2
50,1990,5
50,1991,1
50,1992,2
50,1993,2
50,1994,4
50,1995,7
50,1996,4
50,1997,2
50,1998,2
50,1999,3
50,2000,2
50,2001,4
50,2002,1
50,2003,8
50,2004,1
50,2005,4
50,2006,5
50,2007,1
50,2008,1
50,2009,2
50,2010,6
50,2011,1
50,2012,2
50,2013,2
50,2014,1
50,2015,2
50,2016,3
50,2017,4
50,2018,4
50,2019,5
50,2020,6
50,2021,3
50,2022,11
50,2023,5
50,2024,3
51,1950,15
51,1951,5
51,1952,14
51,1953,16
51,1954,9
51,1955,13
51,1956,4
51,1957,15
51,1958,7
51,1959,28
51,1960,5
51,1961,18
51,1962,10
51,1963,4
51,1964,18
51,1965,3
51,1966,5
51,1967,11
51,1968,3
51,1969,9
51,1970,3
51,1971,6
51,1972,2
51,1973,17
51,1974,3
51,1975,11
51,1976,24
51,1977,3
51,1978,2
51,1979,2
51,1980,2
51,1981,5
51,1982,8
51,1983,15
51,1984,6
51,1985,2
51,1986,6
51,1987,4
51,1988,4
51,1989,8
51,1990,15
51,1991,9
51,1992,11
51,1993,2
51,1994,19
51,1995,19
51,1996,5
51,1997,11
51,1998,10
51,1999,9
51,2000,4
51,2001,11
51,2002,10
51,2003,20
51,2004,10
51,2005,13
51,2006,18
51,2007,4
51,2008,4
51,2009,11
51,2010,12
51,2011,8
51,2012,9
51,2013,13
51,2014,6
51,2015,22
51,2016,14
51,2017,17
51,2018,26
51,2019,23
51,2020,21
51,2021,6
51,2022,21
51,2023,18
51,2024,14
52,1950,4
52,1951,0
52,1952,10
52,1953,7
52,1954,3
52,1955,4
52,1956,3
52,1957,6
52,1958,1
52,1959,21
52,1960,5
52,1961,16
52,1962,13
52,1963,5
52,1964,19
52,1965,3
52,1966,6
52,1967,13
52,1968,4
52,1969,11
52,1970,7
52,1971,12
52,1972,5
52,1973,19
52,1974,5
52,1975,9
52,1976,24
52,1977,2
52,1978,2
52,1979,3
52,1980,2
52,1981,4
52,1982,6
52,1983,17
52,1984,7
52,1985,6
52,1986,9
52,1987,8
52,1988,5
52,1989,9
52,1990,15
52,1991,13
52,1992,14
52,1993,4
52,1994,19
52,1995,16
52,1996,6
52,1997,11
52,1998,14
52,1999,7
52,2000,8
52,2001,12
52,2002,12
52,2003,36
52,2004,9
52,2005,18
52,2006,21
52,2007,3
52,2008,5
52,2009,12
52,2010,13
52,2011,7
52,2012,11
52,2013,15
52,2014,7
52,2015,25
52,2016,13
52,2017,18
52,2018,23
52,2019,26
52,2020,21
52,2021,6
52,2022,27
52,2023,22
52,2024,16
53,1950,7
53,1951,3
53,1952,10
53,1953,10
53,1954,3
53,1955,15
53,1956,4
53,1957,13
53,1958,1
53,1959,17
53,1960,4
53,1961,11
53,1962,5
53,1963,3
53,1964,9
53,1965,1
53,1966,2
53,1967,5
53,1968,3
53,1969,11
53,1970,3
53,1971,5
53,1972,1
53,1973,9
53,1974,4
53,1975,11
53,1976,29
53,1977,2
53,1978,1
53,1979,1
53,1980,2
53,1981,5
53,1982,8
53,1983,10
53,1984,7
53,1985,2
53,1986,5
53,1987,5
53,1988,2
53,1989,10
53,1990,17
53,1991,10
53,1992,8
53,1993,2
53,1994,8
53,1995,20
53,1996,7
53,1997,11
53,1998,6
53,1999,10
53,2000,6
53,2001,13
53,2002,5
53,2003,23
53,2004,10
53,2005,17
53,2006,21
53,2007,1
53,2008,2
53,2009,8
53,2010,10
53,2011,3
53,2012,4
53,2013,11
53,2014,3
53,2015,10
53,2016,13
53,2017,14
53,2018,17
53,2019,15
53,2020,15
53,2021,6
53,2022,22
53,2023,13
53,2024,7
54,1950,13
54,1951,3
54,1952,16
54,1953,9
54,1954,7
54,1955,2
54,1956,2
54,1957,9
54,1958,4
54,1959,20
54,1960,5
54,1961,16
54,1962,11
54,1963,6
54,1964,22
54,1965,4
54,1966,5
54,1967,7
54,1968,3
54,1969,5
54,1970,1
54,1971,6
54,1972,1
54,1973,6
54,1974,3
54,1975,9
54,1976,21
54,1977,2
54,1978,2
54,1979,2
54,1980,1
54,1981,2
54,1982,4
54,1983,15
54,1984,6
54,1985,4
54,1986,4
54,1987,4
54,1988,2
54,1989,6
54,1990,11
54,1991,9
54,1992,11
54,1993,4
54,1994,18
54,1995,11
54,1996,2
54,1997,4
54,1998,10
54,1999,4
54,2000,4
54,2001,10
54,2002,7
54,2003,27
54,2004,10
54,2005,12
54,2006,17
54,2007,4
54,2008,4
54,2009,8
54,2010,11
54,2011,7
54,2012,9
54,2013,13
54,2014,6
54,2015,25
54,2016,12
54,2017,17
54,2018,21
54,2019,22
54,2020,21
54,2021,5
54,2022,30
54,2023,19
54,2024,15
55,1950,8
55,1951,1
55,1952,9
55,1953,5
55,1954,6
55,1955,4
55,1956,3
55,1957,7
55,1958,0
55,1959,13
55,1960,3
55,1961,13
55,1962,7
55,1963,3
55,1964,15
55,1965,3
55,1966,2
55,1967,6
55,1968,3
55,1969,6
55,1970,7
55,1971,7
55,1972,2
55,1973,11
55,1974,2
55,1975,10
55,1976,21
55,1977,2
55,1978,1
55,1979,1
55,1980,1
55,1981,3
55,1982,5
55,1983,15
55,1984,5
55,1985,3
55,1986,4
55,1987,3
55,1988,2
55,1989,6
55,1990,11
55,1991,9
55,1992,9
55,1993,3
55,1994,21
55,1995,19
55,1996,4
55,1997,11
55,1998,10
55,1999,6
55,2000,4
55,2001,13
55,2002,10
55,2003,25
55,2004,10
55,2005,13
55,2006,20
55,2007,4
55,2008,6
55,2009,10
55,2010,11
55,2011,8
55,2012,8
55,2013,14
55,2014,5
55,2015,23
55,2016,13
55,2017,15
55,2018,20
55,2019,23
55,2020,20
55,2021,5
55,2022,25
55,2023,17
55,2024,13
56,1950,0
56,1951,3
56,1952,3
56,1953,3
56,1954,2
56,1955,8
56,1956,2
56,1957,4
56,1958,0
56,1959,5
56,1960,3
56,1961,4
56,1962,1
56,1963,3
56,1964,5
56,1965,1
56,1966,0
56,1967,2
56,1968,3
56,1969,5
56,1970,2
56,1971,4
56,1972,1
56,1973,5
56,1974,1
56,1975,7
56,1976,14
56,1977,1
56,1978,2
56,1979,2
56,1980,1
56,1981,3
56,1982,3
56,1983,8
56,1984,3
56,1985,1
56,1986,1
56,1987,3
56,1988,1
56,1989,12
56,1990,13
56,1991,5
56,1992,3
56,1993,2
56,1994,4
56,1995,15
56,1996,7
56,1997,5
56,1998,4
56,1999,5
56,2000,4
56,2001,7
56,2002,2
56,2003,18
56,2004,5
56,2005,12
56,2006,10
56,2007,1
56,2008,1
56,2009,3
56,2010,3
56,2011,2
56,2012,4
56,2013,9
56,2014,2
56,2015,3
56,2016,8
56,2017,10
56,2018,9
56,2019,7
56,2020,8
56,2021,5
56,2022,17
56,2023,6
56,2024,4
57,1950,11
57,1951,1
57,1952,14
57,1953,11
57,1954,2
57,1955,2
57,1956,3
57,1957,7
57,1958,1
57,1959,6
57,1960,1
57,1961,12
57,1962,4
57,1963,3
57,1964,13
57,1965,0
57,1966,2
57,1967,6
57,1968,2
57,1969,8
57,1970,1
57,1971,9
57,1972,3
57,1973,8
57,1974,2
57,1975,8
57,1976,20
57,1977,2
57,1978,2
57,1979,3
57,1980,1
57,1981,2
57,1982,6
57,1983,16
57,1984,5
57,1985,3
57,1986,5
57,1987,5
57,1988,3
57,1989,7
57,1990,12
57,1991,11
57,1992,11
57,1993,4
57,1994,21
57,1995,16
57,1996,4
57,1997,9
57,1998,13
57,1999,7
57,2000,5
57,2001,15
57,2002,8
57,2003,28
57,2004,10
57,2005,17
57,2006,19
57,2007,5
57,2008,6
57,2009,9
57,2010,13
57,2011,7
57,2012,11
57,2013,14
57,2014,7
57,2015,26
57,2016,12
57,2017,16
57,2018,22
57,2019,23
57,2020,19
57,2021,6
57,2022,30
57,2023,18
57,2024,15
58,1950,16
58,1951,5
58,1952,21
58,1953,12
58,1954,6
58,1955,16
58,1956,5
58,1957,13
58,1958,7
58,1959,21
58,1960,6
58,1961,18
58,1962,15
58,1963,6
58,1964,21
58,1965,5
58,1966,8
58,1967,15
58,1968,5
58,1969,13
58,1970,8
58,1971,13
58,1972,4
58,1973,22
58,1974,7
58,1975,10
58,1976,24
58,1977,1
58,1978,3
58,1979,4
58,1980,3
58,1981,5
58,1982,14
58,1983,23
58,1984,9
58,1985,10
58,1986,10
58,1987,13
58,1988,6
58,1989,13
58,1990,20
58,1991,20
58,1992,13
58,1993,8
58,1994,23
58,1995,22
58,1996,11
58,1997,17
58,1998,15
58,1999,14
58,2000,14
58,2001,19
58,2002,13
58,2003,46
58,2004,12
58,2005,25
58,2006,31
58,2007,5
58,2008,7
58,2009,15
58,2010,14
58,2011,12
58,2012,15
58,2013,18
58,2014,9
58,2015,30
58,2016,21
58,2017,20
58,2018,32
58,2019,34
58,2020,29
58,2021,11
58,2022,33
58,2023,32
58,2024,17
59,1950,4
59,1951,2
59,1952,4
59,1953,2
59,1954,2
59,1955,2
59,1956,1
59,1957,8
59,1958,1
59,1959,7
59,1960,4
59,1961,7
59,1962,1
59,1963,1
59,1964,6
59,1965,3
59,1966,3
59,1967,3
59,1968,2
59,1969,4
59,1970,2
59,1971,1
59,1972,2
59,1973,7
59,1974,1
59,1975,7
59,1976,18
59,1977,1
59,1978,2
59,1979,1
59,1980,1
59,1981,2
59,1982,2
59,1983,8
59,1984,3
59,1985,2
59,1986,3
59,1987,2
59,1988,1
59,1989,4
59,1990,11
59,1991,2
59,1992,3
59,1993,1
59,1994,11
59,1995,16
59,1996,2
59,1997,8
59,1998,6
59,1999,5
59,2000,3
59,2001,8
59,2002,7
59,2003,13
59,2004,6
59,2005,7
59,2006,13
59,2007,1
59,2008,2
59,2009,5
59,2010,6
59,2011,3
59,2012,4
59,2013,6
59,2014,2
59,2015,5
59,2016,7
59,2017,9
59,2018,12
59,2019,11
59,2020,12
59,2021,1
59,2022,14
59,2023,11
59,2024,7
60,1950,2
60,1951,4
60,1952,8
60,1953,6
60,1954,3
60,1955,11
60,1956,2
60,1957,9
60,1958,1
60,1959,12
60,1960,4
60,1961,10
60,1962,1
60,1963,1
60,1964,12
60,1965,2
60,1966,3
60,1967,4
60,1968,1
60,1969,4
60,1970,1
60,1971,2
60,1972,1
60,1973,10
60,1974,2
60,1975,10
60,1976,24
60,1977,1
60,1978,1
60,1979,2
60,1980,1
60,1981,4
60,1982,7
60,1983,10
60,1984,4
60,1985,1
60,1986,6
60,1987,3
60,1988,2
60,1989,7
60,1990,16
60,1991,6
60,1992,5
60,1993,1
60,1994,14
60,1995,19
60,1996,4
60,1997,11
60,1998,8
60,1999,9
60,2000,3
60,2001,10
60,2002,7
60,2003,19
60,2004,7
60,2005,12
60,2006,15
60,2007,2
60,2008,3
60,2009,7
60,2010,8
60,2011,5
60,2012,6
60,2013,9
60,2014,4
60,2015,14
60,2016,10
60,2017,11
60,2018,17
60,2019,14
60,2020,18
60,2021,2
60,2022,17
60,2023,13
60,2024,9
61,1950,2
61,1951,0
61,1952,5
61,1953,3
61,1954,1
61,1955,6
61,1956,1
61,1957,7
61,1958,0
61,1959,8
61,1960,1
61,1961,9
61,1962,1
61,1963,2
61,1964,6
61,1965,0
61,1966,0
61,1967,2
61,1968,2
61,1969,9
61,1970,3
61,1971,4
61,1972,1
61,1973,9
61,1974,2
61,1975,8
61,1976,21
61,1977,1
61,1978,1
61,1979,1
61,1980,1
61,1981,2
61,1982,4
61,1983,6
61,1984,4
61,1985,1
61,1986,4
61,1987,2
61,1988,2
61,1989,8
61,1990,15
61,1991,6
61,1992,4
61,1993,1
61,1994,7
61,1995,15
61,1996,5
61,1997,4
61,1998,6
61,1999,6
61,2000,3
61,2001,9
61,2002,3
61,2003,16
61,2004,4
61,2005,11
61,2006,14
61,2007,1
61,2008,3
61,2009,7
61,2010,7
61,2011,2
61,2012,5
61,2013,7
61,2014,2
61,2015,9
61,2016,9
61,2017,11
61,2018,12
61,2019,14
61,2020,13
61,2021,3
61,2022,17
61,2023,10
61,2024,6
62,1950,2
62,1951,1
62,1952,2
62,1953,3
62,1954,2
62,1955,4
62,1956,2
62,1957,7
62,1958,2
62,1959,8
62,1960,2
62,1961,5
62,1962,0
62,1963,1
62,1964,2
62,1965,0
62,1966,2
62,1967,2
62,1968,1
62,1969,2
62,1970,1
62,1971,1
62,1972,0
62,1973,5
62,1974,1
62,1975,6
62,1976,16
62,1977,2
62,1978,2
62,1979,1
62,1980,2
62,1981,1
62,1982,2
62,1983,6
62,1984,2
62,1985,1
62,1986,3
62,1987,1
62,1988,1
62,1989,4
62,1990,8
62,1991,3
62,1992,5
62,1993,1
62,1994,7
62,1995,12
62,1996,2
62,1997,7
62,1998,4
62,1999,4
62,2000,1
62,2001,5
62,2002,5
62,2003,11
62,2004,3
62,2005,4
62,2006,9
62,2007,1
62,2008,1
62,2009,2
62,2010,5
62,2011,1
62,2012,3
62,2013,4
62,2014,1
62,2015,3
62,2016,5
62,2017,5
62,2018,8
62,2019,7
62,2020,11
62,2021,1
62,2022,11
62,2023,7
62,2024,4
63,1950,21
63,1951,14
63,1952,21
63,1953,19
63,1954,8
63,1955,7
63,1956,4
63,1957,15
63,1958,15
63,1959,10
63,1960,7
63,1961,20
63,1962,18
63,1963,7
63,1964,18
63,1965,10
63,1966,8
63,1967,12
63,1968,8
63,1969,14
63,1970,14
63,1971,12
63,1972,8
63,1973,18
63,1974,9
63,1975,13
63,1976,22
63,1977,3
63,1978,6
63,1979,7
63,1980,7
63,1981,5
63,1982,10
63,1983,18
63,1984,10
63,1985,15
63,1986,14
63,1987,17
63,1988,11
63,1989,10
63,1990,15
63,1991,16
63,1992,15
63,1993,10
63,1994,19
63,1995,12
63,1996,6
63,1997,12
63,1998,14
63,1999,9
63,2000,14
63,2001,13
63,2002,9
63,2003,31
63,2004,11
63,2005,16
63,2006,18
63,2007,6
63,2008,9
63,2009,13
63,2010,8
63,2011,9
63,2012,11
63,2013,9
63,2014,5
63,2015,20
63,2016,15
63,2017,19
63,2018,17
63,2019,23
63,2020,17
63,2021,7
63,2022,25
63,2023,23
63,2024,13
64,1950,26
64,1951,11
64,1952,14
64,1953,11
64,1954,5
64,1955,18
64,1956,10
64,1957,14
64,1958,19
64,1959,12
64,1960,8
64,1961,22
64,1962,23
64,1963,6
64,1964,24
64,1965,7
64,1966,10
64,1967,14
64,1968,11
64,1969,12
64,1970,15
64,1971,13
64,1972,5
64,1973,16
64,1974,13
64,1975,14
64,1976,20
64,1977,1
64,1978,5
64,1979,7
64,1980,9
64,1981,11
64,1982,16
64,1983,14
64,1984,16
64,1985,21
64,1986,17
64,1987,20
64,1988,12
64,1989,18
64,1990,25
64,1991,22
64,1992,20
64,1993,13
64,1994,22
64,1995,17
64,1996,16
64,1997,16
64,1998,15
64,1999,13
64,2000,17
64,2001,21
64,2002,10
64,2003,40
64,2004,27
64,2005,27
64,2006,31
64,2007,14
64,2008,12
64,2009,24
64,2010,17
64,2011,17
64,2012,27
64,2013,24
64,2014,12
64,2015,24
64,2016,28
64,2017,27
64,2018,24
64,2019,23
64,2020,28
64,2021,15
64,2022,46
64,2023,29
64,2024,16
65,1950,17
65,1951,6
65,1952,10
65,1953,8
65,1954,7
65,1955,12
65,1956,6
65,1957,10
65,1958,13
65,1959,10
65,1960,7
65,1961,13
65,1962,19
65,1963,5
65,1964,14
65,1965,8
65,1966,7
65,1967,8
65,1968,7
65,1969,6
65,1970,6
65,1971,6
65,1972,2
65,1973,7
65,1974,8
65,1975,8
65,1976,9
65,1977,1
65,1978,2
65,1979,4
65,1980,5
65,1981,5
65,1982,8
65,1983,11
65,1984,9
65,1985,10
65,1986,12
65,1987,15
65,1988,9
65,1989,11
65,1990,16
65,1991,14
65,1992,13
65,1993,10
65,1994,16
65,1995,8
65,1996,8
65,1997,9
65,1998,12
65,1999,8
65,2000,12
65,2001,13
65,2002,8
65,2003,31
65,2004,13
65,2005,16
65,2006,19
65,2007,8
65,2008,8
65,2009,17
65,2010,9
65,2011,10
65,2012,17
65,2013,14
65,2014,6
65,2015,21
65,2016,19
65,2017,23
65,2018,16
65,2019,18
65,2020,20
65,2021,11
65,2022,37
65,2023,20
65,2024,13
66,1950,25
66,1951,5
66,1952,18
66,1953,14
66,1954,11
66,1955,19
66,1956,12
66,1957,14
66,1958,15
66,1959,22
66,1960,15
66,1961,27
66,1962,33
66,1963,14
66,1964,25
66,1965,18
66,1966,13
66,1967,23
66,1968,7
66,1969,15
66,1970,17
66,1971,19
66,1972,10
66,1973,20
66,1974,16
66,1975,19
66,1976,22
66,1977,11
66,1978,13
66,1979,13
66,1980,13
66,1981,12
66,1982,17
66,1983,24
66,1984,11
66,1985,23
66,1986,19
66,1987,16
66,1988,16
66,1989,26
66,1990,24
66,1991,27
66,1992,16
66,1993,13
66,1994,34
66,1995,20
66,1996,17
66,1997,21
66,1998,28
66,1999,15
66,2000,15
66,2001,28
66,2002,15
66,2003,48
66,2004,22
66,2005,23
66,2006,35
66,2007,18
66,2008,25
66,2009,32
66,2010,28
66,2011,21
66,2012,30
66,2013,28
66,2014,17
66,2015,28
66,2016,31
66,2017,31
66,2018,36
66,2019,35
66,2020,31
66,2021,30
66,2022,58
66,2023,39
66,2024,36
67,1950,14
67,1951,2
67,1952,19
67,1953,9
67,1954,6
67,1955,2
67,1956,2
67,1957,10
67,1958,4
67,1959,15
67,1960,2
67,1961,11
67,1962,8
67,1963,8
67,1964,22
67,1965,4
67,1966,5
67,1967,11
67,1968,4
67,1969,9
67,1970,4
67,1971,13
67,1972,7
67,1973,14
67,1974,7
67,1975,11
67,1976,20
67,1977,3
67,1978,4
67,1979,6
67,1980,4
67,1981,8
67,1982,13
67,1983,23
67,1984,8
67,1985,7
67,1986,9
67,1987,6
67,1988,6
67,1989,10
67,1990,13
67,1991,13
67,1992,15
67,1993,8
67,1994,15
67,1995,11
67,1996,5
67,1997,8
67,1998,13
67,1999,11
67,2000,10
67,2001,17
67,2002,10
67,2003,36
67,2004,15
67,2005,20
67,2006,22
67,2007,9
67,2008,8
67,2009,12
67,2010,16
67,2011,9
67,2012,13
67,2013,16
67,2014,10
67,2015,27
67,2016,15
67,2017,20
67,2018,28
67,2019,24
67,2020,20
67,2021,7
67,2022,32
67,2023,24
67,2024,17
68,1950,14
68,1951,3
68,1952,21
68,1953,11
68,1954,6
68,1955,5
68,1956,3
68,1957,10
68,1958,9
68,1959,14
68,1960,4
68,1961,13
68,1962,12
68,1963,7
68,1964,17
68,1965,4
68,1966,6
68,1967,13
68,1968,5
68,1969,7
68,1970,6
68,1971,13
68,1972,4
68,1973,11
68,1974,6
68,1975,10
68,1976,21
68,1977,1
68,1978,3
68,1979,4
68,1980,2
68,1981,5
68,1982,7
68,1983,13
68,1984,7
68,1985,6
68,1986,6
68,1987,6
68,1988,6
68,1989,5
68,1990,8
68,1991,9
68,1992,17
68,1993,7
68,1994,16
68,1995,11
68,1996,4
68,1997,6
68,1998,14
68,1999,8
68,2000,10
68,2001,11
68,2002,8
68,2003,34
68,2004,10
68,2005,15
68,2006,19
68,2007,6
68,2008,7
68,2009,12
68,2010,14
68,2011,10
68,2012,11
68,2013,15
68,2014,7
68,2015,25
68,2016,15
68,2017,22
68,2018,26
68,2019,20
68,2020,18
68,2021,6
68,2022,27
68,2023,26
68,2024,17
69,1950,33
69,1951,9
69,1952,32
69,1953,20
69,1954,13
69,1955,6
69,1956,5
69,1957,16
69,1958,10
69,1959,22
69,1960,5
69,1961,28
69,1962,24
69,1963,5
69,1964,20
69,1965,10
69,1966,10
69,1967,14
69,1968,9
69,1969,9
69,1970,11
69,1971,16
69,1972,7
69,1973,20
69,1974,12
69,1975,14
69,1976,28
69,1977,2
69,1978,6
69,1979,9
69,1980,6
69,1981,6
69,1982,13
69,1983,26
69,1984,11
69,1985,15
69,1986,20
69,1987,19
69,1988,13
69,1989,16
69,1990,20
69,1991,26
69,1992,21
69,1993,17
69,1994,31
69,1995,21
69,1996,10
69,1997,20
69,1998,22
69,1999,19
69,2000,21
69,2001,22
69,2002,18
69,2003,56
69,2004,20
69,2005,27
69,2006,32
69,2007,11
69,2008,12
69,2009,29
69,2010,21
69,2011,16
69,2012,17
69,2013,21
69,2014,12
69,2015,41
69,2016,26
69,2017,35
69,2018,39
69,2019,36
69,2020,39
69,2021,15
69,2022,48
69,2023,43
69,2024,29
70,1950,15
70,1951,2
70,1952,21
70,1953,8
70,1954,4
70,1955,1
70,1956,4
70,1957,9
70,1958,2
70,1959,21
70,1960,4
70,1961,19
70,1962,19
70,1963,8
70,1964,29
70,1965,6
70,1966,10
70,1967,17
70,1968,7
70,1969,16
70,1970,10
70,1971,18
70,1972,5
70,1973,18
70,1974,8
70,1975,13
70,1976,29
70,1977,3
70,1978,2
70,1979,6
70,1980,4
70,1981,8
70,1982,12
70,1983,29
70,1984,12
70,1985,8
70,1986,14
70,1987,9
70,1988,8
70,1989,13
70,1990,15
70,1991,16
70,1992,18
70,1993,8
70,1994,24
70,1995,18
70,1996,7
70,1997,11
70,1998,15
70,1999,9
70,2000,12
70,2001,17
70,2002,11
70,2003,47
70,2004,12
70,2005,21
70,2006,26
70,2007,6
70,2008,7
70,2009,15
70,2010,16
70,2011,10
70,2012,12
70,2013,18
70,2014,10
70,2015,31
70,2016,20
70,2017,25
70,2018,34
70,2019,28
70,2020,25
70,2021,9
70,2022,35
70,2023,29
70,2024,19
71,1950,26
71,1951,8
71,1952,29
71,1953,17
71,1954,10
71,1955,11
71,1956,4
71,1957,15
71,1958,13
71,1959,28
71,1960,9
71,1961,25
71,1962,21
71,1963,10
71,1964,29
71,1965,10
71,1966,13
71,1967,20
71,1968,8
71,1969,20
71,1970,17
71,1971,19
71,1972,10
71,1973,28
71,1974,12
71,1975,15
71,1976,30
71,1977,2
71,1978,4
71,1979,6
71,1980,4
71,1981,5
71,1982,10
71,1983,25
71,1984,11
71,1985,10
71,1986,14
71,1987,13
71,1988,10
71,1989,13
71,1990,18
71,1991,23
71,1992,20
71,1993,13
71,1994,27
71,1995,20
71,1996,9
71,1997,18
71,1998,16
71,1999,15
71,2000,16
71,2001,20
71,2002,16
71,2003,56
71,2004,16
71,2005,26
71,2006,29
71,2007,7
71,2008,11
71,2009,22
71,2010,18
71,2011,14
71,2012,15
71,2013,19
71,2014,11
71,2015,37
71,2016,23
71,2017,27
71,2018,36
71,2019,37
71,2020,35
71,2021,13
71,2022,46
71,2023,39
71,2024,23
72,1950,3
72,1951,3
72,1952,13
72,1953,8
72,1954,5
72,1955,12
72,1956,4
72,1957,14
72,1958,2
72,1959,18
72,1960,3
72,1961,12
72,1962,2
72,1963,3
72,1964,12
72,1965,1
72,1966,3
72,1967,6
72,1968,3
72,1969,12
72,1970,4
72,1971,5
72,1972,2
72,1973,13
72,1974,5
72,1975,10
72,1976,27
72,1977,2
72,1978,1
72,1979,1
72,1980,2
72,1981,5
72,1982,7
72,1983,12
72,1984,7
72,1985,3
72,1986,8
72,1987,7
72,1988,2
72,1989,14
72,1990,20
72,1991,14
72,1992,12
72,1993,2
72,1994,12
72,1995,20
72,1996,7
72,1997,11
72,1998,9
72,1999,12
72,2000,6
72,2001,16
72,2002,8
72,2003,25
72,2004,12
72,2005,21
72,2006,25
72,2007,1
72,2008,6
72,2009,13
72,2010,13
72,2011,6
72,2012,7
72,2013,12
72,2014,4
72,2015,18
72,2016,15
72,2017,17
72,2018,23
72,2019,21
72,2020,20
72,2021,9
72,2022,28
72,2023,24
72,2024,11
73,1950,22
73,1951,12
73,1952,23
73,1953,15
73,1954,11
73,1955,4
73,1956,4
73,1957,10
73,1958,8
73,1959,13
73,1960,6
73,1961,14
73,1962,18
73,1963,8
73,1964,13
73,1965,8
73,1966,7
73,1967,10
73,1968,6
73,1969,10
73,1970,9
73,1971,12
73,1972,3
73,1973,8
73,1974,6
73,1975,10
73,1976,18
73,1977,0
73,1978,3
73,1979,5
73,1980,3
73,1981,3
73,1982,11
73,1983,16
73,1984,8
73,1985,7
73,1986,16
73,1987,10
73,1988,10
73,1989,13
73,1990,16
73,1991,16
73,1992,17
73,1993,10
73,1994,23
73,1995,14
73,1996,7
73,1997,13
73,1998,16
73,1999,11
73,2000,12
73,2001,18
73,2002,13
73,2003,39
73,2004,18
73,2005,19
73,2006,24
73,2007,10
73,2008,14
73,2009,23
73,2010,16
73,2011,11
73,2012,16
73,2013,14
73,2014,9
73,2015,22
73,2016,19
73,2017,21
73,2018,31
73,2019,23
73,2020,21
73,2021,14
73,2022,36
73,2023,23
73,2024,20
74,1950,17
74,1951,12
74,1952,22
74,1953,12
74,1954,9
74,1955,6
74,1956,8
74,1957,9
74,1958,10
74,1959,16
74,1960,5
74,1961,14
74,1962,18
74,1963,5
74,1964,14
74,1965,6
74,1966,6
74,1967,10
74,1968,6
74,1969,9
74,1970,12
74,1971,16
74,1972,4
74,1973,10
74,1974,6
74,1975,10
74,1976,17
74,1977,2
74,1978,4
74,1979,6
74,1980,3
74,1981,4
74,1982,8
74,1983,13
74,1984,8
74,1985,7
74,1986,11
74,1987,12
74,1988,12
74,1989,12
74,1990,13
74,1991,15
74,1992,15
74,1993,8
74,1994,16
74,1995,12
74,1996,8
74,1997,12
74,1998,14
74,1999,9
74,2000,12
74,2001,13
74,2002,10
74,2003,33
74,2004,13
74,2005,14
74,2006,18
74,2007,6
74,2008,9
74,2009,14
74,2010,12
74,2011,7
74,2012,9
74,2013,10
74,2014,5
74,2015,23
74,2016,14
74,2017,17
74,2018,22
74,2019,18
74,2020,16
74,2021,9
74,2022,27
74,2023,22
74,2024,16
75,1950,10
75,1951,2
75,1952,10
75,1953,9
75,1954,4
75,1955,8
75,1956,3
75,1957,8
75,1958,1
75,1959,16
75,1960,2
75,1961,12
75,1962,1
75,1963,2
75,1964,13
75,1965,1
75,1966,3
75,1967,7
75,1968,2
75,1969,7
75,1970,3
75,1971,5
75,1972,1
75,1973,12
75,1974,4
75,1975,11
75,1976,35
75,1977,8
75,1978,2
75,1979,2
75,1980,2
75,1981,8
75,1982,10
75,1983,14
75,1984,7
75,1985,3
75,1986,9
75,1987,5
75,1988,5
75,1989,16
75,1990,21
75,1991,15
75,1992,16
75,1993,4
75,1994,17
75,1995,27
75,1996,10
75,1997,17
75,1998,12
75,1999,16
75,2000,8
75,2001,17
75,2002,10
75,2003,28
75,2004,13
75,2005,20
75,2006,25
75,2007,5
75,2008,8
75,2009,17
75,2010,15
75,2011,11
75,2012,9
75,2013,16
75,2014,6
75,2015,16
75,2016,12
75,2017,18
75,2018,26
75,2019,18
75,2020,21
75,2021,8
75,2022,23
75,2023,23
75,2024,13
76,1950,2
76,1951,1
76,1952,2
76,1953,2
76,1954,2
76,1955,5
76,1956,0
76,1957,4
76,1958,0
76,1959,4
76,1960,1
76,1961,5
76,1962,1
76,1963,1
76,1964,4
76,1965,0
76,1966,1
76,1967,1
76,1968,1
76,1969,2
76,1970,1
76,1971,1
76,1972,0
76,1973,3
76,1974,1
76,1975,4
76,1976,14
76,1977,3
76,1978,0
76,1979,1
76,1980,1
76,1981,2
76,1982,3
76,1983,6
76,1984,4
76,1985,1
76,1986,3
76,1987,2
76,1988,2
76,1989,4
76,1990,9
76,1991,3
76,1992,2
76,1993,1
76,1994,6
76,1995,12
76,1996,4
76,1997,4
76,1998,5
76,1999,5
76,2000,3
76,2001,9
76,2002,5
76,2003,15
76,2004,5
76,2005,7
76,2006,12
76,2007,2
76,2008,3
76,2009,5
76,2010,6
76,2011,2
76,2012,4
76,2013,5
76,2014,3
76,2015,7
76,2016,7
76,2017,7
76,2018,10
76,2019,10
76,2020,12
76,2021,4
76,2022,12
76,2023,8
76,2024,5
77,1950,12
77,1951,4
77,1952,13
77,1953,11
77,1954,7
77,1955,10
77,1956,3
77,1957,10
77,1958,1
77,1959,18
77,1960,3
77,1961,15
77,1962,3
77,1963,2
77,1964,16
77,1965,2
77,1966,5
77,1967,10
77,1968,1
77,1969,8
77,1970,4
77,1971,4
77,1972,2
77,1973,16
77,1974,4
77,1975,11
77,1976,28
77,1977,3
77,1978,2
77,1979,2
77,1980,1
77,1981,5
77,1982,9
77,1983,13
77,1984,6
77,1985,2
77,1986,8
77,1987,4
77,1988,5
77,1989,10
77,1990,21
77,1991,10
77,1992,15
77,1993,4
77,1994,19
77,1995,23
77,1996,7
77,1997,17
77,1998,10
77,1999,12
77,2000,6
77,2001,15
77,2002,10
77,2003,23
77,2004,12
77,2005,18
77,2006,24
77,2007,4
77,2008,5
77,2009,13
77,2010,12
77,2011,8
77,2012,10
77,2013,14
77,2014,5
77,2015,23
77,2016,14
77,2017,16
77,2018,27
77,2019,22
77,2020,22
77,2021,9
77,2022,26
77,2023,22
77,2024,14
78,1950,3
78,1951,0
78,1952,6
78,1953,2
78,1954,1
78,1955,2
78,1956,0
78,1957,6
78,1958,0
78,1959,8
78,1960,1
78,1961,8
78,1962,1
78,1963,0
78,1964,7
78,1965,0
78,1966,2
78,1967,5
78,1968,1
78,1969,5
78,1970,2
78,1971,2
78,1972,0
78,1973,12
78,1974,3
78,1975,9
78,1976,22
78,1977,2
78,1978,1
78,1979,1
78,1980,2
78,1981,4
78,1982,8
78,1983,11
78,1984,4
78,1985,2
78,1986,8
78,1987,4
78,1988,3
78,1989,10
78,1990,18
78,1991,11
78,1992,12
78,1993,3
78,1994,14
78,1995,20
78,1996,6
78,1997,13
78,1998,7
78,1999,12
78,2000,4
78,2001,12
78,2002,7
78,2003,23
78,2004,9
78,2005,16
78,2006,19
78,2007,3
78,2008,5
78,2009,13
78,2010,12
78,2011,7
78,2012,9
78,2013,14
78,2014,4
78,2015,19
78,2016,14
78,2017,17
78,2018,23
78,2019,18
78,2020,20
78,2021,5
78,2022,23
78,2023,22
78,2024,12
79,1950,0
79,1951,0
79,1952,0
79,1953,0
79,1954,0
79,1955,0
79,1956,0
79,1957,0
79,1958,2
79,1959,20
79,1960,5
79,1961,18
79,1962,10
79,1963,4
79,1964,16
79,1965,2
79,1966,7
79,1967,9
79,1968,4
79,1969,14
79,1970,8
79,1971,7
79,1972,2
79,1973,17
79,1974,11
79,1975,12
79,1976,30
79,1977,2
79,1978,2
79,1979,2
79,1980,4
79,1981,6
79,1982,14
79,1983,16
79,1984,12
79,1985,11
79,1986,10
79,1987,17
79,1988,5
79,1989,18
79,1990,25
79,1991,24
79,1992,15
79,1993,8
79,1994,23
79,1995,29
79,1996,16
79,1997,18
79,1998,15
79,1999,14
79,2000,14
79,2001,23
79,2002,11
79,2003,48
79,2004,24
79,2005,28
79,2006,32
79,2007,4
79,2008,6
79,2009,20
79,2010,19
79,2011,11
79,2012,17
79,2013,16
79,2014,8
79,2015,21
79,2016,23
79,2017,23
79,2018,26
79,2019,29
79,2020,24
79,2021,15
79,2022,39
79,2023,28
79,2024,13
80,1950,7
80,1951,5
80,1952,7
80,1953,5
80,1954,4
80,1955,8
80,1956,3
80,1957,12
80,1958,1
80,1959,12
80,1960,2
80,1961,8
80,1962,1
80,1963,1
80,1964,7
80,1965,0
80,1966,2
80,1967,2
80,1968,1
80,1969,3
80,1970,1
80,1971,1
80,1972,2
80,1973,9
80,1974,2
80,1975,8
80,1976,20
80,1977,2
80,1978,1
80,1979,1
80,1980,1
80,1981,2
80,1982,3
80,1983,7
80,1984,3
80,1985,1
80,1986,5
80,1987,1
80,1988,1
80,1989,5
80,1990,10
80,1991,4
80,1992,4
80,1993,1
80,1994,10
80,1995,15
80,1996,2
80,1997,8
80,1998,5
80,1999,5
80,2000,2
80,2001,7
80,2002,5
80,2003,14
80,2004,4
80,2005,6
80,2006,12
80,2007,2
80,2008,2
80,2009,5
80,2010,5
80,2011,3
80,2012,4
80,2013,5
80,2014,2
80,2015,6
80,2016,7
80,2017,8
80,2018,13
80,2019,10
80,2020,13
80,2021,1
80,2022,15
80,2023,10
80,2024,7
81,1950,31
81,1951,3
81,1952,21
81,1953,8
81,1954,3
81,1955,13
81,1956,1
81,1957,4
81,1958,2
81,1959,9
81,1960,7
81,1961,20
81,1962,23
81,1963,7
81,1964,17
81,1965,10
81,1966,7
81,1967,18
81,1968,11
81,1969,19
81,1970,21
81,1971,23
81,1972,13
81,1973,27
81,1974,12
81,1975,19
81,1976,33
81,1977,4
81,1978,10
81,1979,13
81,1980,10
81,1981,14
81,1982,20
81,1983,29
81,1984,16
81,1985,24
81,1986,27
81,1987,27
81,1988,20
81,1989,32
81,1990,31
81,1991,34
81,1992,27
81,1993,23
81,1994,41
81,1995,27
81,1996,25
81,1997,27
81,1998,25
81,1999,30
81,2000,30
81,2001,31
81,2002,21
81,2003,64
81,2004,30
81,2005,38
81,2006,45
81,2007,20
81,2008,27
81,2009,43
81,2010,31
81,2011,34
81,2012,35
81,2013,30
81,2014,16
81,2015,36
81,2016,33
81,2017,34
81,2018,43
81,2019,39
81,2020,37
81,2021,18
81,2022,57
81,2023,37
81,2024,25
82,1950,76
82,1951,35
82,1952,53
82,1953,39
82,1954,28
82,1955,56
82,1956,24
82,1957,27
82,1958,45
82,1959,26
82,1960,17
82,1961,46
82,1962,27
82,1963,14
82,1964,35
82,1965,16
82,1966,16
82,1967,30
82,1968,15
82,1969,20
82,1970,27
82,1971,23
82,1972,14
82,1973,30
82,1974,15
82,1975,20
82,1976,39
82,1977,2
82,1978,16
82,1979,16
82,1980,12
82,1981,16
82,1982,23
82,1983,32
82,1984,20
82,1985,35
82,1986,35
82,1987,29
82,1988,17
82,1989,38
82,1990,41
82,1991,43
82,1992,31
82,1993,24
82,1994,37
82,1995,38
82,1996,32
82,1997,35
82,1998,30
82,1999,33
82,2000,41
82,2001,33
82,2002,20
82,2003,68
82,2004,38
82,2005,41
82,2006,50
82,2007,24
82,2008,28
82,2009,47
82,2010,36
82,2011,45
82,2012,44
82,2013,44
82,2014,26
82,2015,49
82,2016,43
82,2017,45
82,2018,59
82,2019,57
82,2020,50
82,2021,25
82,2022,70
82,2023,54
82,2024,34
83,1950,45
83,1951,36
83,1952,46
83,1953,36
83,1954,28
83,1955,31
83,1956,27
83,1957,26
83,1958,25
83,1959,28
83,1960,20
83,1961,37
83,1962,42
83,1963,22
83,1964,35
83,1965,25
83,1966,23
83,1967,32
83,1968,16
83,1969,18
83,1970,31
83,1971,31
83,1972,16
83,1973,30
83,1974,28
83,1975,26
83,1976,21
83,1977,11
83,1978,16
83,1979,24
83,1980,15
83,1981,22
83,1982,33
83,1983,25
83,1984,15
83,1985,31
83,1986,27
83,1987,32
83,1988,28
83,1989,33
83,1990,33
83,1991,40
83,1992,29
83,1993,31
83,1994,49
83,1995,32
83,1996,22
83,1997,29
83,1998,43
83,1999,44
83,2000,35
83,2001,43
83,2002,36
83,2003,70
83,2004,41
83,2005,48
83,2006,51
83,2007,37
83,2008,44
83,2009,56
83,2010,42
83,2011,43
83,2012,55
83,2013,43
83,2014,34
83,2015,54
83,2016,59
83,2017,60
83,2018,55
83,2019,64
83,2020,55
83,2021,45
83,2022,77
83,2023,65
83,2024,58
84,1950,82
84,1951,45
84,1952,54
84,1953,51
84,1954,30
84,1955,35
84,1956,23
84,1957,31
84,1958,48
84,1959,50
84,1960,23
84,1961,54
84,1962,51
84,1963,25
84,1964,35
84,1965,30
84,1966,23
84,1967,39
84,1968,20
84,1969,24
84,1970,35
84,1971,35
84,1972,18
84,1973,44
84,1974,35
84,1975,37
84,1976,46
84,1977,12
84,1978,28
84,1979,31
84,1980,23
84,1981,33
84,1982,43
84,1983,41
84,1984,24
84,1985,42
84,1986,41
84,1987,33
84,1988,32
84,1989,47
84,1990,42
84,1991,52
84,1992,37
84,1993,36
84,1994,55
84,1995,40
84,1996,25
84,1997,34
84,1998,49
84,1999,43
84,2000,36
84,2001,47
84,2002,37
84,2003,73
84,2004,47
84,2005,45
84,2006,54
84,2007,35
84,2008,37
84,2009,57
84,2010,42
84,2011,39
84,2012,52
84,2013,39
84,2014,29
84,2015,50
84,2016,58
84,2017,64
84,2018,53
84,2019,65
84,2020,59
84,2021,48
84,2022,80
84,2023,67
84,2024,58
85,1950,13
85,1951,6
85,1952,20
85,1953,13
85,1954,2
85,1955,15
85,1956,3
85,1957,10
85,1958,3
85,1959,12
85,1960,5
85,1961,12
85,1962,7
85,1963,3
85,1964,19
85,1965,2
85,1966,7
85,1967,7
85,1968,4
85,1969,8
85,1970,6
85,1971,8
85,1972,6
85,1973,11
85,1974,6
85,1975,9
85,1976,23
85,1977,3
85,1978,4
85,1979,1
85,1980,2
85,1981,5
85,1982,8
85,1983,10
85,1984,6
85,1985,5
85,1986,4
85,1987,12
85,1988,3
85,1989,12
85,1990,21
85,1991,15
85,1992,9
85,1993,5
85,1994,15
85,1995,23
85,1996,13
85,1997,13
85,1998,10
85,1999,9
85,2000,10
85,2001,14
85,2002,6
85,2003,32
85,2004,14
85,2005,19
85,2006,19
85,2007,2
85,2008,3
85,2009,12
85,2010,12
85,2011,7
85,2012,11
85,2013,14
85,2014,5
85,2015,10
85,2016,16
85,2017,18
85,2018,18
85,2019,21
85,2020,16
85,2021,12
85,2022,33
85,2023,22
85,2024,8
86,1950,17
86,1951,5
86,1952,24
86,1953,19
86,1954,7
86,1955,19
86,1956,6
86,1957,14
86,1958,3
86,1959,21
86,1960,6
86,1961,24
86,1962,13
86,1963,6
86,1964,24
86,1965,3
86,1966,7
86,1967,13
86,1968,5
86,1969,16
86,1970,9
86,1971,7
86,1972,4
86,1973,18
86,1974,13
86,1975,13
86,1976,30
86,1977,2
86,1978,2
86,1979,2
86,1980,5
86,1981,7
86,1982,15
86,1983,20
86,1984,12
86,1985,11
86,1986,12
86,1987,17
86,1988,7
86,1989,19
86,1990,26
86,1991,25
86,1992,17
86,1993,8
86,1994,25
86,1995,28
86,1996,17
86,1997,18
86,1998,14
86,1999,15
86,2000,13
86,2001,23
86,2002,10
86,2003,42
86,2004,20
86,2005,27
86,2006,29
86,2007,4
86,2008,7
86,2009,18
86,2010,17
86,2011,10
86,2012,17
86,2013,14
86,2014,5
86,2015,23
86,2016,24
86,2017,25
86,2018,28
86,2019,32
86,2020,29
86,2021,13
86,2022,39
86,2023,36
86,2024,16
87,1950,28
87,1951,8
87,1952,22
87,1953,11
87,1954,6
87,1955,14
87,1956,4
87,1957,13
87,1958,10
87,1959,19
87,1960,4
87,1961,21
87,1962,14
87,1963,6
87,1964,22
87,1965,7
87,1966,6
87,1967,14
87,1968,5
87,1969,10
87,1970,8
87,1971,7
87,1972,2
87,1973,16
87,1974,10
87,1975,15
87,1976,24
87,1977,1
87,1978,2
87,1979,3
87,1980,3
87,1981,6
87,1982,13
87,1983,21
87,1984,9
87,1985,13
87,1986,10
87,1987,15
87,1988,7
87,1989,9
87,1990,19
87,1991,16
87,1992,13
87,1993,6
87,1994,18
87,1995,18
87,1996,8
87,1997,10
87,1998,13
87,1999,8
87,2000,10
87,2001,14
87,2002,8
87,2003,34
87,2004,12
87,2005,21
87,2006,24
87,2007,3
87,2008,7
87,2009,16
87,2010,11
87,2011,9
87,2012,16
87,2013,15
87,2014,5
87,2015,24
87,2016,20
87,2017,20
87,2018,22
87,2019,27
87,2020,25
87,2021,8
87,2022,31
87,2023,24
87,2024,13
88,1950,14
88,1951,2
88,1952,15
88,1953,6
88,1954,4
88,1955,3
88,1956,4
88,1957,11
88,1958,5
88,1959,8
88,1960,2
88,1961,9
88,1962,9
88,1963,4
88,1964,19
88,1965,3
88,1966,4
88,1967,12
88,1968,4
88,1969,7
88,1970,2
88,1971,10
88,1972,1
88,1973,10
88,1974,4
88,1975,8
88,1976,20
88,1977,1
88,1978,1
88,1979,1
88,1980,2
88,1981,2
88,1982,5
88,1983,17
88,1984,6
88,1985,4
88,1986,7
88,1987,5
88,1988,3
88,1989,6
88,1990,12
88,1991,11
88,1992,12
88,1993,4
88,1994,20
88,1995,14
88,1996,4
88,1997,10
88,1998,14
88,1999,7
88,2000,9
88,2001,14
88,2002,8
88,2003,38
88,2004,10
88,2005,18
88,2006,20
88,2007,4
88,2008,4
88,2009,9
88,2010,12
88,2011,7
88,2012,9
88,2013,13
88,2014,6
88,2015,26
88,2016,12
88,2017,15
88,2018,21
88,2019,20
88,2020,18
88,2021,5
88,2022,24
88,2023,17
88,2024,12
89,1950,21
89,1951,2
89,1952,21
89,1953,11
89,1954,6
89,1955,7
89,1956,3
89,1957,9
89,1958,2
89,1959,16
89,1960,4
89,1961,17
89,1962,8
89,1963,3
89,1964,19
89,1965,4
89,1966,5
89,1967,13
89,1968,3
89,1969,9
89,1970,6
89,1971,7
89,1972,2
89,1973,21
89,1974,7
89,1975,11
89,1976,28
89,1977,1
89,1978,2
89,1979,3
89,1980,3
89,1981,5
89,1982,13
89,1983,20
89,1984,9
89,1985,9
89,1986,10
89,1987,12
89,1988,7
89,1989,14
89,1990,21
89,1991,19
89,1992,19
89,1993,6
89,1994,22
89,1995,22
89,1996,11
89,1997,20
89,1998,15
89,1999,17
89,2000,12
89,2001,18
89,2002,13
89,2003,37
89,2004,13
89,2005,22
89,2006,32
89,2007,5
89,2008,7
89,2009,17
89,2010,14
89,2011,11
89,2012,13
89,2013,17
89,2014,9
89,2015,29
89,2016,20
89,2017,21
89,2018,30
89,2019,31
89,2020,25
89,2021,9
89,2022,30
89,2023,27
89,2024,16
90,1950,10
90,1951,0
90,1952,23
90,1953,6
90,1954,4
90,1955,0
90,1956,0
90,1957,6
90,1958,1
90,1959,4
90,1960,1
90,1961,11
90,1962,12
90,1963,10
90,1964,20
90,1965,1
90,1966,2
90,1967,10
90,1968,5
90,1969,14
90,1970,8
90,1971,15
90,1972,4
90,1973,9
90,1974,4
90,1975,9
90,1976,25
90,1977,3
90,1978,2
90,1979,4
90,1980,2
90,1981,4
90,1982,8
90,1983,20
90,1984,9
90,1985,5
90,1986,7
90,1987,4
90,1988,5
90,1989,10
90,1990,12
90,1991,7
90,1992,13
90,1993,6
90,1994,20
90,1995,12
90,1996,3
90,1997,5
90,1998,11
90,1999,5
90,2000,5
90,2001,5
90,2002,7
90,2003,30
90,2004,7
90,2005,12
90,2006,18
90,2007,3
90,2008,4
90,2009,11
90,2010,11
90,2011,7
90,2012,9
90,2013,13
90,2014,7
90,2015,23
90,2016,15
90,2017,21
90,2018,26
90,2019,19
90,2020,18
90,2021,6
90,2022,22
90,2023,23
90,2024,14
91,1950,7
91,1951,1
91,1952,8
91,1953,5
91,1954,2
91,1955,8
91,1956,2
91,1957,7
91,1958,0
91,1959,8
91,1960,0
91,1961,13
91,1962,1
91,1963,1
91,1964,12
91,1965,1
91,1966,2
91,1967,6
91,1968,1
91,1969,6
91,1970,3
91,1971,4
91,1972,1
91,1973,14
91,1974,4
91,1975,10
91,1976,24
91,1977,1
91,1978,2
91,1979,1
91,1980,1
91,1981,5
91,1982,9
91,1983,13
91,1984,6
91,1985,3
91,1986,8
91,1987,6
91,1988,3
91,1989,10
91,1990,21
91,1991,10
91,1992,14
91,1993,4
91,1994,17
91,1995,22
91,1996,7
91,1997,17
91,1998,9
91,1999,13
91,2000,6
91,2001,14
91,2002,9
91,2003,24
91,2004,10
91,2005,18
91,2006,24
91,2007,4
91,2008,5
91,2009,14
91,2010,12
91,2011,8
91,2012,8
91,2013,15
91,2014,4
91,2015,23
91,2016,14
91,2017,14
91,2018,26
91,2019,22
91,2020,21
91,2021,8
91,2022,27
91,2023,24
91,2024,13
92,1950,0
92,1951,0
92,1952,0
92,1953,0
92,1954,0
92,1955,0
92,1956,0
92,1957,0
92,1958,0
92,1959,0
92,1960,0
92,1961,0
92,1962,0
92,1963,0
92,1964,0
92,1965,0
92,1966,0
92,1967,0
92,1968,0
92,1969,0
92,1970,0
92,1971,0
92,1972,0
92,1973,0
92,1974,0
92,1975,0
92,1976,0
92,1977,0
92,1978,0
92,1979,0
92,1980,0
92,1981,6
92,1982,8
92,1983,13
92,1984,8
92,1985,3
92,1986,12
92,1987,6
92,1988,4
92,1989,16
92,1990,22
92,1991,13
92,1992,17
92,1993,5
92,1994,18
92,1995,26
92,1996,10
92,1997,19
92,1998,12
92,1999,17
92,2000,8
92,2001,19
92,2002,10
92,2003,28
92,2004,13
92,2005,18
92,2006,29
92,2007,5
92,2008,7
92,2009,19
92,2010,17
92,2011,13
92,2012,9
92,2013,20
92,2014,10
92,2015,24
92,2016,17
92,2017,23
92,2018,33
92,2019,0
92,2020,23
92,2021,13
92,2022,32
92,2023,30
92,2024,15
93,1950,0
93,1951,0
93,1952,0
93,1953,0
93,1954,0
93,1955,0
93,1956,0
93,1957,0
93,1958,0
93,1959,0
93,1960,0
93,1961,0
93,1962,0
93,1963,0
93,1964,0
93,1965,0
93,1966,0
93,1967,0
93,1968,0
93,1969,0
93,1970,0
93,1971,0
93,1972,0
93,1973,0
93,1974,0
93,1975,0
93,1976,0
93,1977,0
93,1978,0
93,1979,0
93,1980,0
93,1981,6
93,1982,9
93,1983,12
93,1984,6
93,1985,1
93,1986,7
93,1987,6
93,1988,4
93,1989,9
93,1990,20
93,1991,16
93,1992,14
93,1993,3
93,1994,17
93,1995,22
93,1996,6
93,1997,14
93,1998,11
93,1999,11
93,2000,7
93,2001,15
93,2002,9
93,2003,27
93,2004,13
93,2005,17
93,2006,20
93,2007,5
93,2008,6
93,2009,18
93,2010,17
93,2011,11
93,2012,13
93,2013,8
93,2014,7
93,2015,26
93,2016,14
93,2017,21
93,2018,31
93,2019,24
93,2020,19
93,2021,13
93,2022,19
93,2023,28
93,2024,17
94,1950,10
94,1951,1
94,1952,13
94,1953,11
94,1954,7
94,1955,10
94,1956,4
94,1957,9
94,1958,1
94,1959,21
94,1960,3
94,1961,18
94,1962,2
94,1963,3
94,1964,16
94,1965,1
94,1966,6
94,1967,9
94,1968,3
94,1969,9
94,1970,6
94,1971,8
94,1972,5
94,1973,25
94,1974,10
94,1975,18
94,1976,48
94,1977,6
94,1978,3
94,1979,5
94,1980,4
94,1981,11
94,1982,13
94,1983,21
94,1984,11
94,1985,4
94,1986,12
94,1987,8
94,1988,5
94,1989,14
94,1990,22
94,1991,14
94,1992,15
94,1993,5
94,1994,21
94,1995,26
94,1996,10
94,1997,18
94,1998,11
94,1999,14
94,2000,7
94,2001,15
94,2002,12
94,2003,31
94,2004,15
94,2005,24
94,2006,26
94,2007,5
94,2008,8
94,2009,20
94,2010,19
94,2011,12
94,2012,11
94,2013,20
94,2014,6
94,2015,27
94,2016,22
94,2017,27
94,2018,33
94,2019,21
94,2020,31
94,2021,11
94,2022,36
94,2023,31
94,2024,18
95,1950,8
95,1951,0
95,1952,10
95,1953,6
95,1954,2
95,1955,6
95,1956,2
95,1957,7
95,1958,0
95,1959,10
95,1960,1
95,1961,11
95,1962,1
95,1963,1
95,1964,10
95,1965,0
95,1966,2
95,1967,5
95,1968,1
95,1969,3
95,1970,1
95,1971,2
95,1972,1
95,1973,9
95,1974,4
95,1975,8
95,1976,23
95,1977,1
95,1978,1
95,1979,1
95,1980,1
95,1981,5
95,1982,7
95,1983,9
95,1984,5
95,1985,1
95,1986,8
95,1987,4
95,1988,3
95,1989,7
95,1990,17
95,1991,8
95,1992,8
95,1993,2
95,1994,14
95,1995,21
95,1996,6
95,1997,13
95,1998,9
95,1999,12
95,2000,6
95,2001,12
95,2002,8
95,2003,23
95,2004,9
95,2005,16
95,2006,24
95,2007,3
95,2008,5
95,2009,10
95,2010,12
95,2011,8
95,2012,7
95,2013,13
95,2014,5
95,2015,16
95,2016,12
95,2017,12
95,2018,22
95,2019,18
95,2020,19
95,2021,2
95,2022,19
95,2023,16
95,2024,11
